,timestamp,text,label,score
0,2019-10-16T15:21:59Z,今回はランチタイムにポスターセッションを配置しました．参加者の方がお昼を食べに出て，閑散としてしまうのではないかと心配していましたが，沢山の人が参加してくださって，熱心に議論させていただきました．。アルバイトの方々，日ごろお世話になっている事務の方と，合計10名での忘年会です。大学は居心地がいいのでしょうか。街の真ん中には，悲劇の舞台にもなったオトラント城があります．今回はこのお城がConferenceの会場でした．。翌日はバッテリーの安全性・信頼性の試験を行っている企業を訪問し，実際の試験の見学，体験をさせていただきました。当日は、iPERCの説明会と研究室公開に参加しました。１限の授業でしたので前の日に移動しましたが，着いた時には，日が暮れてました．。下の写真は、その様子です（学会長の笑顔が眩しいです）。夏の終わりに、夏合宿と企業見学に出かけました。横川研では、メトロノームの同期実験を公開しました。迂闊にも写真を撮るのを失念しておりました。長崎大学のキャンパスには，なぜか沢山の猫が。敷地のわきに，こんなのがあります．。今回は、芝浦工業大学、筑波大学との共同研究の一部を発表しました。,POSITIVE,0.7552716135978699
1,2018-01-21T16:11:08Z,SRIXON スリクソン スポーツバッグ GGB-S081：スポーツ＆ゴルフ　プロジェクト ●メジャークラフト　ゴーエモーション GES-662ML（2ピーススピニングモデル） ：釣具のバスメイトインフィニティ15165510448474120.shtml ●メジャークラフト　ゴーエモーション GES-662ML（2ピーススピニングモデル） ：釣具のバスメイトインフィニティ15165510448474120.shtml。,NEUTRAL,0.6327344179153442
2,2019-11-15T04:48:14Z,"License: 粤ICP备钱柜娱乐手机版网页_首页13073277 号-1 / 国统涉外证字第0726号。钱柜娱乐手机版网页_首页 AEV's sales decline in July (China Li-ion Battery E-News 1908) 钱柜娱乐手机版网页。钱柜娱乐手机版网页_首页 Yunnan Energy to acquire Suzhou Jieli (China Li-ion Battery E-News 1908) 钱柜娱乐手机网页版。On July 29, 2019, the Ministry of Commerce of the People's Republic of China issued an official announcement, deciding to conduct an anti-dumping investigation on imports of m-cresol (customs code 290Read more....。钱柜娱乐手机版网页-首页。",POSITIVE,0.4918738901615143
3,2019-09-20T10:30:03Z,"【電池】 テスラが破格的な安さで売る 家庭用蓄電池のシビアな現実 | Inside | 週刊ダイヤモンド
テスラが破格的な安さで売る
家庭用蓄電池のシビアな現実
「革命的だ！」。突如、蓄電池市場に現れた黒船、米電気自動車（ＥＶ）メーカーのテスラモーターズの家庭用蓄電池「パワーウォール」（ＰＷ）に業界関係者たちは当初、拍手喝采した。破格的な安値で勝負してきたからだ。日本メーカーのそれは、1日の日中に使う電力を賄えるとされる容量5キロワット時なら100万円以上で、1キロワット時当たりおよそ20万円の計算だ。対してＰＷは7キロワット時で36万円。1キロワット時当たりわずか約5万円だ。",POSITIVE,0.5158759355545044
4,2020-08-07T12:30:55Z,"But unexpectedly!19 days: 35,Fujian Province,And very loyal to your wife!Before we ride,An Yixuan's friends were moved...Subject 4,She knows her wife is very dear;Beijing time, April 26, 2019, 8 a.m..。Children are better off traveling directly with their parents,But i remember,Then it concentrates on thick jelly-like or semi-liquid formulations,The game levels themselves are full of new ideas,He saw a spectacular sight of the lake,The third hero on the disabled list is Dunshan.。",POSITIVE,0.6885069608688354
5,2020-08-14T20:23:16Z,"E.g,In the years after marriage;The most important thing is to take a break.7 adults say they feel personal growth when they break up,Celta 1-1, Spain,Only chicken plate rose.Competition on top!Post-editing to the end.So you can prevent many diseases and control your internal organs,2. Prepare ingredients;。首页 - 一坊秀app。",NEUTRAL,0.5790409445762634
6,2019-06-16T23:30:56Z,NVIDIA、「Overwatch NVIDIA CUP」大会を開催! 賞金 48 万円、ヒーローの実力で賞金を掴み取れ。Next story NVIDIA CEO が予測する、AI 活用の産業革命。「Overwatch」は、数多く用意された個性豊かな「ヒーロー」から 1 体を選択し、6 人一組のドリーム チームを組んで、オブジェクティブを巡る戦いで勝利を目指す FPS です。最高設定かつ、1920 x 1080 の解像度で遊ぶ。高設定かつ、1920 x 1080 の解像度で楽しむ。「Overwatch」をプレイする最高の体験を支える環境として、本大会が推奨する GeForce GTX シリーズのグラフィックス カードなら、非常に高いフレームレートを必要とする eSports のプロプレイヤーでも、あらゆるゲームを最高のビジュアル設定でプレイすることを生きがいにしているコアゲーマーでも、究極のゲーム体験を実現できます。本大会開催には、PC で最高のゲーミング環境を提供する、以下の各社より協賛頂いています。,POSITIVE,0.9547572731971741
7,2018-03-22T07:59:14Z,ピクセルの背景は「OneShot」っていうゲームから抜き取りました（） 1:06。途中のシーンにてN3306Hとなっていますが正しくはN3106Hです。本格的に表情をつけられた歌声.vshp。追記：ループつけましたmylist/54528266はすむかい兄貴、NYN姉貴、加藤兄貴、ＺＵＮ兄貴、チョコモナカジャンボ兄貴、ゆうさく兄貴、熱探知兄貴、まずうちトオノ兄貴、アルプス兄貴、ペルメル兄貴宣伝ありがとナス！ 1:42。解像度が上がりました。余談ですが、アップロード前に確認で何度も見てたら気分が悪くなりました。音MADの人気動画 56225本 ニコニコ動画のニコッター。きみは鼠のフレンズなんだね!原産地兄貴、TTT兄貴、otouto兄貴、karimero兄貴、アンデス兄貴、怒張兄貴、ふにしま兄貴、枕兄貴、sino兄貴、ビスケット兄貴、裏方兄貴宣伝ありがとー！うーれしー！ 1:30。投稿するのも音MAD作るのも初めてなので色々大目に見てください。再開は5/3を予定しています。シロイルカの頭がカービィのBGMに合わせて爆発するそうです。,POSITIVE,0.9035713076591492
8,2019-12-12T09:26:28Z,"分解におけるパフォーマンスに大きな影響を与える fill-in の発生を減らすために、symrcm とsymamd の2つの並べ替えスキームを提供している。MTX ファイルを利用してスパース行列の直接解法の実行。以下のファイルをダウンロードしていただきたい。以下のファイルをダウンロードしていただきたい。以下の例では、symrcm リオーダリングを施して、コレスキー分解にて計算した結果である。このプログラムは、複素数の係数行列は対応していない。今回のプログラムでは、この3種のソルバーが動作するように作成してある。以下に、メインプログラムを示す。存在しない場合は、enter を押下し、実行に進む。C と Fortran のバインディングを取り持つためのインタフェースである。分解時に行列が singular の状態になった場合は、それが発生した最小の行インデックスを出力し、WARNING を出す。ここでは、Fortran プログラムの例を示すこととする。print *,""-------------------------------------------""。",NEUTRAL,0.5732235908508301
9,2020-07-09T14:37:53Z,2020最新のスタイル オーデリック(ODELIC) OE031033 スタンド式スポットライト（カラーフィルター付き）。2020最新のスタイル オーデリック(ODELIC) OE031033 スタンド式スポットライト（カラーフィルター付き）-その他。USミラー 新しいPOWER HEATED SIDE VIEW MIRRORSペアのL / Rのための06-10フォードフュージョンMERCURY MILAN NEW POWER HEATED SIDE VIEW MIRRORS PAIR L/R FOR 06-10 FORD FUSION MERCURY MILAN。工進 清水用水中ポンプ ポンディ フルタイム FT-525、シオン U-OIL for DIY 天然油性国産塗料 ディープグリーン 3.8L d-062-5。最高級ルビー 6mm玉 『宝石の女王』『勝利の石』。﻿ 2020最新のスタイル オーデリック(ODELIC) OE031033 スタンド式スポットライト（カラーフィルター付き）-その他 - fit-im-ebit.de。■アイリスシャッター、ファン、アルミミラー付。,NEUTRAL,0.5817200541496277
10,2017-03-30T06:51:57Z,"【SKINS】スキンズ　A400ユニセックスパワーカーフ【K59052087D】15SS コンプレッション　カーフ ...。SKINS (スキンズ ) A200 【Newモデル【A200 ESSENTIALS】エッセンシャルメンズカーフタイツ[Japan ...。(テスラ)TESLA オールシーズンラウンドネック スポーツシャツ [UVカット・吸汗速乾] コンプレッシ...。【CW-X】エキスパートモデル ロング スポーツタイツ【HXO509】メンズ 【dl】STEPSPORTS。2,000円以上購入で送料無料 UVカット・吸汗速乾・抗菌防臭。スキンズ（767）。ミズノ（738）。ナイキ（408）。アシックス（280）。プーマ（168）。デサント（111）。ヨネックス（77）。カッパ（46）。アンブロ（45）。1件〜45件 (全 38,893件)。1件 〜 45件 (全 38,893件)。2XU（130）。アンダーアーマー（1,711）。CW-X（151）。2,000円以上購入で送料無料、アスレジャー。",NEUTRAL,0.7453038692474365
11,2017-11-17T22:50:28Z,イラク軍、国内最後のIS拠点を奪還。これは日本社会が既存のルールを遵守する習慣があるからで、なければ新たに対応するルールを作るのだ。車両を大量に増やしたことで、マナーの悪い利用者が所かまわず乗り捨てたり積み重ねたりして、人々の生活にも影響が出てきている。日本では、中国のように好きな場所に乗り捨てるシステムは導入されていない。モバイクやofoといったシェア自転車は、私の北京での生活をがらりと変えた。しかし、同様に中国でもモバイル決済の発展に伴い、一部の人は金銭感覚がまひして盲目的に高級品を買い、破産してしまう例が増えてきている。モバイル決済、シェア自転車…　日本は時代の流れについていけるのか。しかし、中国のメディアも報じている通り、シェア自転車の弊害もある。また、中国でモバイル決算が急速に発展した背景には、偽札の横行も関係している。日本では逆に、偽札がほとんど出回っていないため、日本人の現金に対する信用度は高く、それ以外のものがあまり流行らないのだ。どちらのやり方の方がいいとは一概には言えないが、中国のこのスピード感が国の発展を加速していることは確かだ。,NEUTRAL,0.6124908924102783
12,2020-07-15T23:29:30Z,さらにセンターコンソール、ドアインナーパネルにも鍛造カーボンが使用され、見るからにゴージャスな雰囲気に仕上がっていますね。デザイナーのこだわりが反映されたゴージャス仕様。発表されたばかりのヴァンテージをデジタルカスタム 新型車が発表されるとすぐさま様々なバリエーションのレンダリングが作成されるのが常。この価格帯だとホンダNSX、アウディR8、ランボルギーニ・ウラカンRWD、マクラーレン540Cなどの選択肢がありますが、アストンマ ...。そのほか外装には「タグ・ホイヤー」のエンブレムが設けられ、その下の「DBS」文字は（大理石模様のような）鍛造カーボン。パフォーマンスについての言及はなく、ということは通常のDBS」スーパーレッジェーラと同等のパフォーマンスに留められると思われますが、その場合は5.2リッターツインターボV12エンジンから715馬力を発生する、ということに。ブラックレザー＆アルカンターラ張りのシートにはダイヤモンドステッチとレッドのパイピングが施され、シートバックにはレッドで「TAG HEUER」の刺繍入り。,NEUTRAL,0.6723632216453552
13,2019-12-15T12:42:46Z,本人もわかった上でやってるやろこんなん。向こうで成功すれば社会人とかいう掃き溜めに戻る必要ないしええやろ。8: 名無しさん 2018/09/05(水) 22:50:12.10 ID:11HvLXjua。監督か何かが9か月くらい関われなくなったんやなかったか。報告受けてた部長も処分食らってる。社会人野球でできないだけでアメリカで失敗しても独立なりいけばいいだけや。ひどすぎていき。吉川がくず過ぎる。野球選手以前に一社会人として論外やし当然やろこんなの。【悲報】欅坂46の平手友梨奈さん、ライブ中に2メートル落下し救急搬送される。おかげで株価も下がりっぱなしだし、関連掲示板でも叩かれまくり。ってかこいつ確信犯だったんだな発覚後の態度も悪かったし。ものすごく厳罰やな　知っててやらかしたパナソニックはセーフなんか。100周年に…。巨人が残念がってそう。パナソニックもテスラといい、これといい大変だな。2. パナファミマ。単純に一人の社会人として失格やし残当。吉川は何考えて契約したんや。やるべきことをやってないんだから当然の結果だわ。部長は処罰受けてたな。沼田の件もあったしね。,NEGATIVE,0.967059314250946
14,2018-01-19T07:55:16Z,これは、瞬時トルクの387ポンドフィートでラインをオフスプリング、トリプル桁スピードへのシームレスな、シフトのない軌道をたどります。でも、この文脈では、モデルSは、まだ自動車業界の自己満足にスポットライトを指しています。2 クラウドベースの通勤。モデルSは、アメリカの郊外に、または当社のbackbreaking通勤に意味をなすためにドライビングレンジを持つ唯一の電気自動車です。すべての電気自動車は、自宅で燃料補給の利便性が付属しますが、唯一のテスラは自由、高電圧の過給機の全国ネットワークで可能な長距離の旅行になります。あなたは、トラフィックのペースや道路の流れに電気を使用して奪還、1つのペダルでそれを運転することを学びます。テスラのシャープ、17インチのペインが崩れ州間の速度で使用するのに十分な大きさのボタンをレンダリングするまで、私たちは、タッチスクリーンで剛毛。70Dは、レッドラインクラッチダンプの怒りに近い沈黙の中で加速します。テスラは、ゲージクラスタとタッチスクリーンのためのインターフェースを再設計し、ブレーキホールドシステムを追加します。クラウドベースの通勤。,NEUTRAL,0.6644511818885803
15,2018-11-15T23:18:57Z,オーダーカーテン▼2倍ヒダ形態安定加工ピオニー▼森の小径シリーズ　ムートン。OP7773　フラットカーテン　約1倍ヒダ　プレーンヒダ　収納　サンゲツのオーダーカーテン　シンプルオーダー(Simple　Order)　ドレープ　ロールスクリーン。ヨーロッパトレンド特集1cm刻みのカーテンオーダーカーテン【最短・翌日出荷】フレンチモロッコ～ルルド～シトロンオーダー欧風海外生地インポート　アウトレット 食べ過ぎて吐き気が治らない理由や原因やその対処法は？何か他の病気？。LSC-50-BL-WPコイズミ照明照明器具LEDテープライト・アウトドア　蛍光灯。2018年3月23日 [窓を飾るカーテン（デザインとサイズが選べる8000パターン）北欧デザイン　マット]。窓を飾るカーテン（デザインとサイズが選べる8000パターン）モダン　カーペット。スミノエfaceフェイスコントラクトカーテン教育プレーンアトリアE-5306～5313スタンダード縫製（S)約2倍ヒダ　洗える クリスタルガイザーの硬度は軟水？シャスタと青キャップの意味とは？。』　猫.。,NEUTRAL,0.8803935647010803
16,2016-10-23T16:15:14Z,ちょっと古くてアレだけど、かっこよかったから載せてみた。に 743mg より【中国】土地問題で抗議に集まったの村人をパワーショベルでなぎ倒す。に 743mg より【中国】土地問題で抗議に集まったの村人をパワーショベルでなぎ倒す。に 743mg より【中国】土地問題で抗議に集まったの村人をパワーショベルでなぎ倒す。に 743mg より【中国】土地問題で抗議に集まったの村人をパワーショベルでなぎ倒す。に 743mg より【中国】土地問題で抗議に集まったの村人をパワーショベルでなぎ倒す。に 743mg より【中国】土地問題で抗議に集まったの村人をパワーショベルでなぎ倒す。極限まで薄く気を削る日本の職人技術に世界の95パーセントがグッド評価。極限まで薄く気を削る日本の職人技術に世界の95パーセントがグッド評価。エアーで飛ばしてるのかな？。に 743mg よりテスラのオートパイロットの進化が凄い。に 匿名 よりテスラのオートパイロットの進化が凄い。,POSITIVE,0.6168834567070007
17,2019-03-22T10:46:23Z,クラシックカー、外車の整備・車検は専門職人が、丁寧にメンテナンスを行います。岩井三四二のプロフィール、作品紹介。犬の名鑑 【犬の名鑑】。人相や手相系統の占いで、ほくろの位置で占います。ぜひ、ラテアートの作り方やラテアートの写真をご覧ください！。MMO RPG、アクション、麻雀、カード、レースなどの無料ゲーム、無料オンラインゲーム情報。主にＦＦＳのイラスト描いてます。ルアー（lure）は、ルアーフィッシングでの釣りに使用する道具のひとつです。国産のオオクワガタを販売しています。世界の犬を紹介しています。恋愛問題を専門に、全てのお悩みを解決に導きます。卓越したアーティストの描き出すミニチュアの世界は人々の想像を越え、約七センチメートルのボトルの中へと引き込み魅了します。犬のことがよく分かる犬の図鑑。このサイトでは、借金の時効を援用したい人に向けて、借金の時効援用を成功するための情報を記載しています。PINKYのオフィシャルウェブサイト。子供のハウスダストアレルギーの症状と治療 【子供のハウスダストアレルギーの】。子供のハウスダストアレルギーの症状と治療の記録。,POSITIVE,0.653008759021759
18,2018-08-20T02:47:15Z,産経新聞の記事を紹介します。怪音の後に来る揺れというのは、Ｓ波の揺れを体感しているのだと解釈することができます。空気の振動で電気を発するのじゃないかと、想像していた。確かに今年の冬を見ていると温暖化の雰囲気を感じますし、海面上昇も確かのことのようです。ピンがはずれるのか、そうではないのか、破断現象そのものを地震と考えているのか、曖昧模糊としております。私は反対の意見を反駁するために、多くの議論を集めました。コペルニクスは小数の人の精神の中に得た不朽の光栄にも拘らず、彼は依然とした大多数の眼には嘲罵と嘲笑の対象であります。佐呂間町の場合は昼間で人々が活動中の出来事でしたが、フロリダの場合は、２日の未明で住民が就寝中のことでありました。・ 硬化した岩石の付近から採取したサンプルの残留磁気の方向は、現在の地球の磁場の方向とかなりかけ離れている。他の人の証言では、「ゴー、バリバリという音が追いかけてきた。それがなぜ今回、夏の夜にこれほどの火災が起こったのか。最初の明るさの加減で、だいたい震度の強弱を予想できた。返答の結論は。,NEUTRAL,0.6185385584831238
19,2020-08-09T23:13:04Z,"End of establishment,happy;Daiyu must not only fight for humanity,5 to 7 like 5 to 7, 2 to 4 win again,The company has more than 20 employees,For money 3. The love of mermaid mothers is covered by wounds...They will choose to visit some places abroad!。In 18 years;This third odd number!,When you mix in circles,But save the big picture,Don't fall behind.Do not induce fetal malformations!in fact,He is in good health.。喵喵直播app链接 - Welcome。",POSITIVE,0.7881492376327515
20,2020-02-26T11:18:51Z,'同盟/甘味同盟' の第164 areaeditの編集 - GoldenLoreCharacterWiki。~ ~ -名簿の編集について~ --基本的には自由に使って下さいな。~ ~ -名簿の編集について~ --基本的には自由に使って下さいな。&br;自分で作ったものを振舞うことも好きですが、振舞われるのも大好き。&br;自分で作ったものを振舞うことも好きですが、振舞われるのも大好き。&br;お菓子の数が少なくなってるって時は、あたしのつまみ食いが原因かも。&br;お菓子の数が少なくなってるって時は、あたしのつまみ食いが原因かも。一緒に甘辛い食べ物を作ってみるのもいいかも。一緒に甘辛い食べ物を作ってみるのもいいかも。~ 創始者死亡の場合抜いておきますので、後任の方が決まり次第連絡を。~ 創始者死亡の場合抜いておきますので、後任の方が決まり次第連絡を。大きいの作って切り分けた方がよかったね。大きいの作って切り分けた方がよかったね。~ 他の同盟とのかけもちをしてもなんら問題無いです。~ 他の同盟とのかけもちをしてもなんら問題無いです。あはははは。あはははは。,POSITIVE,0.7621700167655945
21,2017-05-25T23:49:00Z,「まったくのたわ言。そして、もちろんのことながら新型ポルシェのドライヴィングシートに身を沈め、ハンドルを握るのだがそのただならぬ感触に官能がざわめく。ただ、私はハリウッドの政治とは一線を画しています。国を愛し、主権を取り返す」この日の会合には、ドイツの公共放送など、一部メディアの取材登録が認められなかった。さらには、オバマのレガシーの象徴とも言えるオバマケアの撤廃に向けた大統領令にも署名。この日の企業のトップとの会談で、トランプ氏は「日本では、我々の車の販売を難しくしているのに、数十万台の車が大きな船で米国に入ってくる」と語った。彼らの多くは政府と関係があり、政府の何かを踏んでしまうのを恐れて自己規制したのだと思います。トランプ初日の動きで、もう一つの特徴は、オバマの政治的なレガシーの象徴を覆したことだ。業界にとって、トランプの言動は、当時の米国側の主張をなぞっているように見える。一方で心配なのは、日本の防衛力強化に対する、首相の前のめりの姿勢が目立つこと。対象国はシリア、イラク、イラン、リビア、ソマリア、スーダン、イエメンの７カ国。「大義のために集まったのだ。彼女は本来の意味でのリベラルではないのです。,NEUTRAL,0.6430606842041016
22,2019-07-23T18:16:52Z,最新トレンドファッションからコスメ、 デジタル、食品まで激安価格で品揃えも豊富です。FA?金型部品、工具?消耗品の検索?通販ならMISUMI- VONA。日本にいながら世界中の商品を購入できるソーシャル ショッピングサイトです。ミスミの総合Webカタログ。ミスミ他、国内外の取扱メーカーは多数。コンビニ、ATM、代引きでのお支払いもOK。,NEUTRAL,0.6002631783485413
23,2020-08-15T08:01:40Z,"Weighted ? 100.43 907.83 -- -- --。Profile No.6348。- Evolution from Hawk Knight, Gawain。勇炎の鷹騎士・ガウェイン。",NEUTRAL,0.7394222021102905
24,2020-04-02T15:58:03Z,次の記事にそのことを書きます。上のグラフで見比べてみても、330iのトルクとパワーの優位性は圧倒的だ。というのは、↑の1087さんのコメントに、日本の320iは「本当に」330iと同じエンジンを、5月までは使っているという情報があったからです。詳細は次の記事に書きます。私のインプレを支持していただいて、とても嬉しいです。あ、そういえば、ディーラーでドア下の照明を確認するのを忘れました。ブレーキが違うとは言え、。写真だと、。ただ、不思議なのは、比較試乗をしてみると、本当に320iが軽く、330iの方が重く感じたことです。私自身、自分の感じが正しいのか誤っているのか、本当のところはよくわからないので、仕方なくて、感じたことを正直に書くしかないと、半ば開き直りのようにも思っていますので。しかし、私の感じたところでは、逆にまったく別物でした。新しい330iのインプレをやっていますが、。パワートルク曲線では、。330iの立ち上がりが早く、。またの楽しみにします。そう、320iのチューニングには、どうしてそんな風に差を付けるのか、と。ドアの下、サイドステップの下方の路面がほのかに明るいのです‼。昨日のお昼頃、。,POSITIVE,0.6696259379386902
25,2017-09-23T21:37:27Z,テスラコイルはラストのバッテリーパークの戦いで。自分の体内に取りこみ、融合する。車の中で、いきなり訓練。グリムホールドは、投げ捨て。デイブは、大学生。デイブは、指輪を振って。彼女にみえたの？。屋上のアンテナを利用して。バルサザールは、魔法で。風で店の中に。勝手に、最初のトレーニングに入るバルサザール。バルサザールは、プラズマのトレーニング開始。まずは、デイヴの始末です。ここの客が、アジア系の客の後ろ姿だったのに。ベロニカはモルガナの魂を。グリムホールドの説明をします。ゲイリーシニーズのCSINY。モルガナの弟子。デイブのラボ。ボクシングのエクササイズ。nicのサイン。テスラコイルの課題。マイケルジャクソンのバッドのＰＶとか。物理の基礎クラスの発表。壺の持ち主のお宅で。誕生日のデイブ。子役のデイブは。アルカナカバナの店内は。ブドウ糖のバランスは。テスラコイルってのは。のロゴの上に出ました。デイブは、地下鉄の構内で。-ドレイク・ストーンのファッション。火が燃えるのは。王様のブランチメンバーの。ノーム・ゴライトリー 、。マイク・ステンソン 、。ニコラス・ケイジ 、。フォルバートは、。アラジンのランプのように。,NEUTRAL,0.7897990942001343
26,2020-05-26T20:13:39Z,この状況、一つや二つの番組じゃない。パナソックの新世代ホームベーカリー、美味しいらしい。お花畑の中に住んでいるならいいけれど、メディアは真実を伝えるべきだと思う。国内の飼料に切り換えようとしたら、もの凄いコストになるし、そもそも飼料用のトウモロコシや大豆など日本じゃ作っていない。シビックセダン、ジェイド、グレイス絶版に！　次はインサイト、CR-V、クラリティですね！。メディアの役割はこういった事実を伝えること。三菱自動車、新型コロナを言い訳に258億円の赤字～。現在豊富に物資あるのは、海外でロックアウト始まる前に船積みした物資がフネで運ばれて到着していたためである。物資豊富にあるか、それとも心配なのかは、情報を見た人が決めればいいことです。『BANGKOK BRIDGE』をマリントラフィックで船名入れて追いかけると、シンガポールを3月29日の20時に出港し、ベトナムのホーチミンに31日の夜到着。その次の『ONE CONTRIBUTION』はアメリカのオークランドを出港し、横浜に着く。日産のイメージ、決定的に悪い！。,NEUTRAL,0.5058638453483582
27,2019-12-07T09:11:08Z,そして、天才経営者の待望論も非現実的かつ絵空事だ。「ワンチーム」になる　スタンフォード式の意思決定力『スタンフォードで学んだ 最強の意思決定』。しかし、私は意思決定におけるスピード至上主義は勘違いだと考えている。「それは我々がやるべきことだね」と彼が言った瞬間から、プロジェクトが動き出す――。そんな姿には誰もが憧れるものだ。「即断即決」というのは格好良い言葉です。有能な経営者として知られる米テスラのイーロン・マスク最高経営責任者（CEO）は、決断を迫られると、10秒間、押し黙り、目を閉じたり、時には虚空を見つめたりするそうです。「決められない病」を脱するためのステップを解説している。そしておもむろに結論を下すのだといいます。「即断即決」は机上の空論。日本企業は意思決定が遅すぎると国内外から批判され、意思決定はスピードが何より重要だと多くの人が思っているから、そんな天才の姿を思い描くのだろう。スタンフォードの「人生を変える教室」。1人の天才経営者が即断即決し、会社を成功に導いていく。意思決定の責任とれるか　出世のおきて。でも「その決断の裏には、もっと別の要素があると考えるべきである」。,POSITIVE,0.5902116894721985
28,2020-07-07T10:26:27Z,"https://www.bigspinclub.com/no-deposit-free-spins/, 2018/12/28 2:49 AM。https://www.majestictaxis.com/Heathrow-Airport/Heathrow-To-Southampton-Taxi, 2018/10/10 12:19 PM。comments(902), trackbacks(0), - -。http://www.lady-era.net/treating-female-infertility-with-sildenafil.html, 2018/10/27 1:39 AM。明日５月２０日は「フェスタスルガ」開催です、みなさん遊びに来てくださいね。http://ninak.bloggplatsen.se/2018/10/03/11566035-cfd-providers-are-adjusting-to-regulatory-changes/ - Click here...。熊と見間違うこともあるそうですが、よく見るとけっこうカワイイ顔をしています。自宅の近くで見かけました。🌈虹の郷。",NEUTRAL,0.5449973344802856
29,2020-02-18T15:33:36Z,凯发会员_凯发会员官网�I�I 2020-02-18 23:33:23。阅读(230) | 评论(174) | 转发(80) |。岩永哲哉2020-02-18 23:33:23。聂艳枝2020-02-18 23:33:23。刘昌梅2020-02-18 23:33:23。钟永明2020-02-18 23:33:23。2020-02-18 23:33:23（816）。2020-02-18 23:33:23（667）。2020-02-18 23:33:23（524）。2020-02-18 23:33:23（298）。2020-02-18 23:33:23（405）。2020-02-18 23:33:23（880）。刘懿2020-02-18 23:33:23。,NEUTRAL,0.7351908683776855
30,2019-06-17T19:09:11Z,車内で物が動くとアラームはほぼ確実に検知しますが、傾斜センサーは...。傾斜センサーは、フェリーや駐車リフトのときに解除できます。窓を開けてあると風の動きを感知してカーアラームが鳴る事があります...。他の車では経験した記憶がありません。最近の日産ですと、超音波センサー、傾斜センサー、こじ開け対応、バッテリー内蔵サイレン、お知らせリモコン等 の情報が開示されています...。我が家の駐車場は、道路から幅4mの歩道...。が、今回セキュリティ&セフティーパックプレミアム(超音波センサー)を付けたのですが、逆に裏目に出てしまいました。ソナーはご存じの通り、静止、動体関係なく、超音波で障害物を検知して音で知らせる、 最近は、インジケータ付きのものもあり、どの位置のセンサーが反応しているかも知らせます...。」 「以下の状況では、...の駐車スペースがすぐ隣同士にある場合。しかし、...。だから、その他の項目に書いてます。,NEUTRAL,0.6928393244743347
31,2019-06-24T08:44:40Z,"Jabra ジャブラ Jabra MOVE Wireless Red J-MOVEWIRELESS-RD 新品，安い —— 10,000円。Jabra ジャブラ Jabra SPORT COACH WIRELESS -YELLOW 100-97500000-36 低価，爆買い —— 20,000円。Jabra ジャブラ Jabra SPORT COACH WIRELESS -BLUE 100-97500001-36 SALE，大得価 —— 20,000円。High-MFD SYSTEM HP-NHR11 ブラック HP-NHR11K 大得価，爆買い —— 9,700円。Jabra ジャブラ Jabra SPORT PACE WIRELESS-RED 100-97700001-36 SALE，本物保証 —— 13,500円。High-MFD SYSTEM HP-NHR21 レッド HP-NHR21R 数量限定，2019 —— 16,300円。",POSITIVE,0.6315246820449829
32,2018-04-24T18:20:38Z,"破線の枠内では電圧の発生がなく、超電導状態（抵抗ゼロ）で電流が流れていることを示す。共同研究グループは、多くの機関との連携により、現時点でのNMRの世界最高磁場である1,020MHz (24.0テスラ)を超える1.3GHz（30.5テスラ）のNMRマグネット磁石に向けた超電導接合技術の実装技術の開発に取り組みます。単結晶の微小な集合体で、粒径がnmサイズのもの。さらに、液体ヘリウム温度から液体窒素温度の間で、0～10テスラの磁場の中での超電導接合の特性評価を物質・材料研究機構の温度・磁場可変の超電導評価システムで実施しました。一般的に、結晶方位のそろった構造を取っていない。この面の並びの方向を結晶方位と呼ぶ。光学顕微鏡の光の代わりに、光よりも短い波長の電子を照射して拡大像を得る顕微鏡。今回の接合技術はこれら使用環境の制約を超えて、はるかに広い温度-磁場の領域で使用できます。磁力中に置かれた原子核の核スピンの共鳴現象により、物質の分子構造の解析や物性の解析を行う装置。",POSITIVE,0.4838767945766449
33,2017-03-29T03:30:08Z,また、自動運転はひとまずおいておいて、注目と需要が高まる電気自動車だけに、GMにとって、Lyftドライバーにシボレー・ボルトをアピールするいい機会になるというWSJの解説にもなるほど納得。これらすべて、車社会の近未来を担うキーワードです。車社会の最先端を体現するタクシー。ネタ元のWall Street Journal（WSJ）の取材では、Lyft役員が、詳細は決定していないものの、限定エリア内でお客さんを巻き込んだテストプロジェクトになるだろうとコメントしています。世界的に訴訟を抱えつつも、日本では過疎化の町での足として期待される配車アプリサービス。また、サンフランシスコの自動運転テクノロジーのCruise Automation IncもGMは買収しており、このプロジェクトではここの技術が鍵となるといわれています。車メーカー老舗のGeneral Motors（GM）と配車サービスのLyftが、これらのキーワード全部入りのプロジェクトを進めています。GMとLyftのコンビの最大のライバルとなるのは、やはりUberとタッグを組んでいるGoogle。,POSITIVE,0.7324972152709961
34,2017-06-25T20:33:23Z,"フィアットの中古車情報 - 新着順(全1,044件中1～30件目)｜中古車EX。検索中該当数1,044台現在選択中の条件：フィアット1,044台ヒット（1 - 30台を表示中）この条件の新着物件メールを登録する10件表示。",NEUTRAL,0.6443482041358948
35,2020-08-05T21:45:12Z,"Also loves his wife...Many women worry about whether they can cause infectious diseases,Mother-in-law is old.of course,But unless he is angry,When he heard his wife,1. Corn: The ideal waxy corn;。The light of life is here,Craft,Guangzhou,April 25, 2019,Let his wife fight 7-7 times...From photos...。",NEUTRAL,0.5673700571060181
36,2018-12-18T10:35:38Z,icn-yk12s8660p-5w　ホイール クレアス(ローマンシェード)の生地画像　ロールスクリーン スチールキャニオンシェルフ（PEC）310シリーズW760×D310×H19005段（送料無料、代引不可）　インテリア・寝具・収納。トラスコ中山フェニックスラック1500×600U車輪4輪S付W色PER-5563-U125-B4-W(8195004)　トラスコ中山/TRUSCO.。Official Site ⇒ 送料無料ローベッドすのこベッドT-BOARDティーボードマルチラススーパースプリングマットレス付きステージレイアウトシングルベッドべット頑丈すのこベッドローデザインコンパクト木製ローベットすのベットシンプルスチール脚低いベッド500021926　木製ベッド。クレアス(ローマンシェード)の生地画像　ロールスクリーン!ハニカム・サーモスクリーン　網戸　掃除!平成28年干支・申(猿)の置物／瑞祥(小)環水作品／高岡銅器の置物　法事.。クレアス(ローマンシェード)の生地画像　サンゲツ!。,POSITIVE,0.5368072390556335
37,2017-05-28T04:57:59Z,そのノスタルジーと、最後に全てを知って自らを犠牲にするHAL、HALに信頼を託するチャンドラ博士の場面が好きで、結局DVDを見てしまうのだった。そう、フョードル・ボンダルチュクは「戦争と平和」のセルゲイ・ボンダルチュクの息子だそうです(ちなみに、タルコフスキーの「惑星ソラリス」のハリー役のナターリヤ・ボンダルチュクもセルゲイの娘)。そ、そうか、これって、本気で作ったんだったのね、ということが判明。まあどこの劇場も案外、子連れのお母さんたちではない女性の率が高いと聞くのでありますが……ふうむ、今度の土曜日、有明はさぞかし盛り上がるのでしょうなあ。我輩、ちょっとそーゆーのが羨ましいのであります。主役5人のうち生き残ったのが1人。ただの雑談です。病気ではないが、うつ病の一歩手前。工場の廃油を再生利用して食品に使っちゃってる、とかの。と、すでに地球上のある種の人々は察知していた。この時、この最後の主人公が号泣するのですが、この演技が凄い。と、外国の人に愚痴っていたのは秘密だ。で、我々はついに、最後の手段に出たのであった。,NEUTRAL,0.6455233097076416
38,2019-07-22T20:47:07Z,★ 2019/06/12(水) 21:09:01.84 ID:ok7G4vQs9 老後に備える資産がおよそ2000万円必要になるなどとした金融庁の審議会の報告書が議論を呼ぶなかで、投資に関するセミナ...。【騒然】ビットフライヤー、昨夜の事件後に約５億円をどこかに送金・・・　まさか・・・　#仮想通貨　$BTC。【老後2000万】金融庁の報告書で投資への関心高まる。【衝撃】仮想通貨がこのザマ → 交換業者の新規登録待ち企業の増減はと言うと・・・。農家の平均年収760万。【保険】「サイバーリスク保険」の契約が拡大　サイバー攻撃による損害を補償、頭打ちの国内保険市場に光 | 成功の法則。1: 田杉山脈 ★ 2019/07/02(火) 12:57:39.47 ID:CAP_USER 政府は1日、韓国への輸出規制を厳しくするため、半導体材料の審査を厳密にし、安全保障上の友好国の指定も取り消すと発表した。セミナーへの申し込みが急増。,NEUTRAL,0.7915441393852234
39,2019-01-20T23:41:16Z,定速は入力電源200V三相のみとなります。お知らせ　TOHNICHI/東日製作所 トルクレンチ／DBE1000N-S。電子天秤　(sefi・ワイドレンジ型)　IBX6000NC20060226071-7671-04【smtb-s】　花・ガーデン・DIY　アズワン　DIY・工具。・モータ出力は搬送能力目安をご参照ください。サンドビックドリルＣＯＡＴR840-1900-50-A0A1220　ステンレス。・詳細はご確認ください・駆動部に横出し（中空軸）仕様を選択する場合は、モータ出力に90Wの定速かインバータ変速を選択してください。・高速仕様のモータ出力は90Wです。呼称幅07の機長はMAX・600。・「G」は東芝製、「F」は三菱製を表します。・高速仕様の機長はMAX・400。,NEUTRAL,0.8977354764938354
40,2018-04-20T07:02:59Z,"（EVのためエンジン部のない）車体前部が確認できないほど事故のダメージは大きかった原因は路側帯が、以前に衝突され緩衝効果が喪失していたことによる。テスラ社の説明では”Autopilot”を起動し追随する車との車間よりを設定可能な最小限にして運転中であった。しかし本来であれば事故の起きるはずのない見通しの良い直線道路で進路を大きく外れて路側帯と激突したのかが問われる。テスラ社はウーバー社のように本格的な自動運転の能力がないことを認めていた。しかし直線区間の多い米国の高速道路、特にカリフォルニア、では、故意に自動運転させる運転者もいたため、事故が懸念されていた。ウーバー社と今回の事故によって、自動運転のリスクが高いことも明らかになったが、テスラ社の""Autopilot""は、あくまで運転支援システムである。テスラEVは2016年に”Autopilot”の不具合で事故を起こしているが、昨年1月の調査報告で基本的なソフトウエアの安全性の問題が無いことを確認している。実際、カーブの多い道路では道路を追随する精度に問題があることがユーザーのレビューで報告されている。",NEGATIVE,0.697533369064331
41,2019-03-22T10:02:14Z,また、本研究センターはパルスマグネットの共同利用を推進し、これにより温度範囲を1.8Kから0.1Kまで拡張し、7テスラ磁場を50テスラパルス磁場まで増強するための開発研究を推進することを目的とする。一方、20テスラを超える強磁場は超伝導マグネットでは発生できず、一瞬のパルス強磁場によって発生しているのが現状であり、そのような強磁場発生が可能な大学研究施設はごく限られている。平成28年度に温度範囲1.8Kから400K、最高磁場7テスラの条件下で磁気特性を測定するシステム（MPMS3）が導入され、本学初の共通機器として整備、運用を進めてきており、強磁場環境利用のプラットフォームが整った。その中にあって本学では50テスラのパルス強磁場発生が可能である。さらに、本研究センターは大阪大学、神戸大学、福井大学が連携する西日本強磁場ネットワークに新規参入し、強磁場利用を強力に推進する拠点を形成することを目的とする。0.1 Kの極低温、50テスラの超強磁場の2重極限環境の実現は本研究センターの際立った特色となる。,POSITIVE,0.847393274307251
42,2020-04-01T04:59:38Z,縫製の際ミシン目も一般の約1.5倍の細かさで縫ってありダニを通過をロック！。12200系の6両編成に組成されていた編成を、更新前と更新後の姿で再現。フランシスコ・デ・ゴヤ の複製画です。ヨハネス・フェルメールの複製画です。着け心地が良い確りとした作りの存在感のあるデザイン。これらはすべて、再生中にインポート/エクスポートして、無制限の曲とパターンを作成可能。掛布団は信頼の品質エクセルゴールドラベル付きの羽毛を使用、非常に暖かく永くお使いになれます。生成色のヌードタイプなので、あなたのお好みのカバーとセットでどうぞ！。■強力な64ステップドラムシーケンサーは、ポリメーター、ステップリピート、ノートリピート、リアルタイムトリガー、トラックミュート、トラックソロをサポート。■外部処理またはマルチトラックオーディオとしてのリズムの録音のための11の独立したアナログ出力。■テンポ、スイング、確率、フラム、ランダムなどのパラメーターを編集するための堅牢なエンコーダー。■同期オプションには、USB、MIDI、クロック、および内部が同期が含まれ、最大限の汎用性を実現。大人のための贅沢リング。,POSITIVE,0.8431693911552429
43,2016-05-31T05:49:19Z,ツアーTシャツにえリラックスしたをわせながら、DAIGOが「せっかくなんで（）」とでとのを。このアルバムは、ベースをTAKE-CとYOSUKEの2でし、SHAKALABBITSとしてりげた。「にツアーをってきたをけたいといます」とにすると、「はる」をSHINPEIとAKIHIDEのアコースティックギターにせていめた。チケットのは225からスタート。このあとのにもしておこう。ナタリーではこれをして、とやついいちろう（エレキコミック）のをした。バンドもとするかのようにしくし、りがりでステージをにした。メンバーからののちがめまれたが、にみるようにいていた。ので2は、それぞれのDJへするスタンスやミックスCDののポイント、おいのDJプレイへのなどをりっている。それでも、たちにできるのはををってけることだ、というにしたとい、このツアーでファンとのがさらにくなったとす。新鮮なスタイルの販売のための送料無料。そして「のです、いてください」と、バンドスタイルで「オレンジの」をのいをめてした。アンコールのにえ、にしたBREAKERZの3。,POSITIVE,0.7219805121421814
44,2019-10-14T06:12:52Z,WHY？は創業者の思想や生き方の中に存在し、それが創業メンバーであったり、社員であったり、取引先であったり、そして最終的にはお客様に伝わっていくことで、会社は成長を遂げていきます。実際、私がファイナンシャル・アドバイザーとしてお付き合いを頂いている60代以上のお客様のことを思い浮かべてみても、そこには実に多様なライフスタイルが存在し、人生の価値観やお金との付き合い方も千差万別です。ところでメジャーリーグではエンゼルスの大谷選手が大注目されていますが、個人的には４４歳のイチロー選手が古巣マリナーズに復帰し、２７年目の今季、最初のヒットを打ったことに感動しました。欧州景気は全般的に底堅いのですが、長引く低金利の影響で金融セクターが不調。財務省が森友文書の書き換えを認め、安倍政権が窮地に陥っています。アベノミクスの最終段階と言える岩盤規制への挑戦は風前の灯のようにも見えます。WHY？こそが、個人のライフスタイルや組織のアイデンティティーを示します。３月の金融市場では、長期金利の上昇が止まりましたが、株式市場は２月に引き続き下落しました。,NEUTRAL,0.7520481944084167
45,2017-06-25T22:29:54Z,"検索中該当数4,232台現在選択中の条件：岩手県おすすめ販売店岩手県のおすすめ販売店をピックアップ！[（有）八木自動車サービス]（在庫180台）[カーセブン矢巾店]（在庫119台）[（有）サンオート ]（在庫119台）[ガリバーアウトレット一関店]（在庫118台）[カーセブン北上金ケ崎店]（在庫115台）[有限会社 八木自動車サービス ]（在庫112台）岩手県のショップ一覧はこちら4,232台ヒット（4231 - 4232台を表示中）この条件の新着物件メールを登録する10件表示。岩手県の中古車情報(全4,232件中4,231～4,232件目)｜中古車EX。",NEUTRAL,0.6425855755805969
46,2016-10-23T09:33:45Z,2016年 10月 20日茨城と千葉で震度４。2016年 10月 21日中国地方で強い地震、鳥取中部で震度6弱＝気象庁。関連ニュース　関電課長が過労自殺、労災認定。2016年 10月 20日米テスラとパナソニック、太陽電池生産で提携。2016年 10月 21日蓮舫氏、福島第１原発を視察。2016年 10月 21日原発事故の閉店補償訴訟で和解。2016年 10月 21日日経平均がレンジ上抜け、企業業績の下期回復期待も。2016年 10月 21日邦銀の外貨流動性リスク、十分に対応できている＝黒田日銀総裁。2016年 10月 21日労働市場改革、日本経済の長期的成長の鍵＝黒田日銀総裁。家畜は１１０カ所に埋められており、掘り起こした後は焼却処分する方針。2016年 10月 22日　東京電力福島第１原発事故の旧警戒区域で殺処分され土中に埋められた家畜を、環境省が本格的に掘り起こし、最終処分する方針を固めたことが２１日、分かった。2016年 10月 21日アングル：豪州の一般炭価格100ドル突破、反落は必至との見方。殺処分の家畜最終処理へ、福島。早ければ年内の着手を目指す。関係者が明らかにした。記事の全文。,NEUTRAL,0.6417802572250366
47,2020-08-12T00:15:07Z,"Several girls of Muye Twelve bathe in the bathhouse,They are saving lives,But billions, hundreds, thousands of Chinese characters used,Afraid to cry,communicate with.finally...It could be more physically difficult or dissatisfied...。Product research failed,I found a small detail,Or some male siblings from a team of silhaenghalwa.It is said,Because it is not modified.first name...。© 甜涩漫画 Fixit. All Rights Reserved.。",POSITIVE,0.801681399345398
48,2019-08-21T14:02:47Z,モニタサイズ 約8.4インチ。付属品 ACアダプタ / USBケーブル(Type-A to C)/ USB Type-C to 3.5 mm ヘッドフォンジャックアダプタ/ クイックスタートガイド /オリジナルケース。本体サイズ(幅×高さ×奥行)mm 124.8×212.6×7.3。ダブルキャンピングハンモックの調節可能なツリーストラップ&アルミニウムカラビナ – Cozyベッドin the nature – 2人またはSingle Person – ポータブルパラシュートナイロンハンモック – を容易に設定し、Take Down B0782TSGYN Black/Sky Blue ニュートライプ　サーモン＆グリーントライプ 185g。インターフェイス USB Type-C x 1。無線規格 IEEE 802.11a/b/g/n/ac 準拠 (2.4 / 5GHz)。OS Android 8.0 Oreo / Emotion UI 8.0。,NEUTRAL,0.8386819362640381
49,2018-03-19T05:16:17Z,n style=”color:#ff0ce2a2″>オンラインショッピング：厨房器具と店舗用品のTENPOSデイトプレゼントナ 必ず購入前に仕様をご確認下さいRRディップスティックユオンケイ ホワイト (93260)。ミリーブリアン　ハーバルリフティースプレー：ライフの達人。タグ【日時指定不可】【送料無料】45RO ロフトベッド システムベッド ハイタイプ ロフト ベッド ロフトベット シングルベッド ベッドフレーム 子供 パイプベッド シングル　のびのびロフトベッド　RB-B1542G、おしゃれ、オンラインショッピング、お中元、お歳暮、お買い得、カジュアル、ギフト、ゴミ箱、ショッピング、セット、ソファ、ソファー、ディスプレイラック、テレビ台、プレゼント、ベッド、ラック、リクライニング、ローソファー、冷蔵庫ラック、壁面収納、家具、座椅子、日本製、昇降テーブル、棚、買い物、贈り物、贈答品、送料無料、通信販売、通販。,NEUTRAL,0.49807724356651306
50,2020-02-24T01:57:43Z,"すべてセージXフライロッドな服装に専門reelflyrod.。価格266235.0000(税込)。春新作の セージX WT、4pc 590 – 4フライロッドOutfit 0インチ、5 ( 9 ' 0インチ、5 ( WT、4pc ) W/セージ4250フライリール B01KU9WZCQ, LIFE TIME AGGREGATE：7fe3f4be --- cliente.opweb0005.servidorwebfacil.com。セージX WT、4pc 590 – 4フライロッドOutfit 0インチ、5 ( 9 ' 0インチ、5 ( WT、4pc ) W/セージ4250フライリール B01KU9WZCQ。各ロッドセージXモデルはパフォーマンスを最大化するとぴったりとRioプレミアムFLYの明細と照合。プレミアム、密封されたドラッグセージ4200シリーズフライリールで、完璧なバランス。comから出荷されにネクタイをfishéjust RIGGED準備ができていると飛びます。",POSITIVE,0.8503878712654114
51,2017-03-23T06:11:01Z,第二回サブウェポン あなたの好きなサブウェポンは？。第二回ブキ あなたの好きなブキは？。楽しかったです。▲ ▼2015/10/19までの分 ▲ ▼ウデマエ あなたのウデマエは？。僕のところからはできませんけど -- 2016-01-24 (日) 14:54:11。▲ ▼スペシャルウェポン あなたの好きなスペシャルウェポンは？。▲ ▼サブウェポン あなたの好きなサブウェポンは？。▲ ▼ブキ あなたの好きなブキは？。▲ ▼ステージ あなたの好きなステージは？。修正しました。▲ ▼キャラクター ▲ ▼性別 あなたの使っているインクリングの性別は？。第二回ステージ投票の期間表記が、1/30〜1/6となってます。期間は1週間程度を予定しています。具体的には各ブキ個別ページ等で「人気投票NO1のブキ」と本文中に記述するのは避けて下さい。また厳格な投票管理は行っていないため、投票結果の利用は参考程度に留めて下さい。そう、その通り。悪質な場合はアクセス規制の処置を取ります。また、管理上の都合で予告なく投票を中止することがあります。▲ ▼ガチマッチのルール あなたの好きなガチマッチのルールは？。,NEUTRAL,0.8548262119293213
52,2016-07-02T07:34:34Z,ほか、各種映像制作依頼を請けたまわります. サムソナイト スーツケース へこみ ・この度、結婚をしました.。近くには飲食店・コンビニがあり便利.。五反田 風俗求人 パナソニックは、自動車向け事業を成長戦略の柱の一つに位置付けており、 テスラとの共同生産で電池の販売を伸ばし、事業拡大につなげる. サムソナイト 修理 キャスター 横浜 サムソナイト スーツケース へこみ サムソナイト コスモライト 86 サムソナイト スーツケース へこみ サムソナイト スーツケース へこみ サムソナイト コスモライト 55 最安値 』の著者であるスティーブン・R・コヴィー博士も、本を読むことの有用性を挙げています.。お手持ちの伸縮性リードに簡単に取り付けられます. 大切な思い出、すべてお預かりします.。サイドのリフトアップパーツで、さらに脇寄せ効果UP.。,POSITIVE,0.871590793132782
53,2017-05-30T10:05:26Z,サイズ別(サマータイヤ) >。・245/35R21・255/30R21・285/30R21・295/25R21・295/35R21・355/25R21・265/30R21・295/30R21・275/30R21・275/35R21・265/40R21・255/35R21・295/40R21・265/35R21・245/40R21・325/25R21・275/45R21・255/40R21・305/25R21・325/30R21・285/35R21・305/30R21・285/40R21・315/40R21・325/40R21・285/45R21・265/45R21・275/40R21 並び替え。2次の55件 >>。,NEUTRAL,0.8982036709785461
54,2019-10-22T01:51:54Z,SilverStrong 2Din ユニバーサル 10 インチ IPS Android9.0 4 3g カーラジオ電動テスラ画面 1280*720 IPS HD の ANDROID 4 で 2din 3g モデ。SilverStrong 2Din 4 グラムモデムユニバーサル 7 インチ Android9.0 カーラジオ Dvd LADA グランタ 1Din ボディ Android の Gps ナビゲーショ。US $138.36 - 181.74 / 部分 無料配送。,NEUTRAL,0.8075935244560242
55,2020-02-29T08:14:18Z,ガソリン税払ってないので電気自動車は公道に出てはいけないと思いますが、その点はどうお考えでしょうか。いまどき雇用なんか無理して確保するのがおかしいだろ。ここら辺は化学屋さんと鉱物学あたりの人がどうにかしてくれるのを待つしかないでしょう。ブコメに再三反応してくれた誠意に答えるためこちらで返答する 水素燃料の輸送ロスについて エネルギーは何にしろ輸送するのにロスが発生するので 水素を運ぶにしても送電する...。これらを再生エネルギーでやればいいのでは？ そう思う。その時の税率はエンジニア増田が資産...。残りはみんな生活保護か・・・ また俺たちの負担がきつくなるな 大量解雇の場合は皆殺しでもいいのでは。FANZAの購入動画が550件になった 7。ここが余分に入っているせいでFCEVの効率が悪くなっている。あーでも、水素エンジンのメリットが1つあった。日本の内燃機関信奉者の目を覚まさせるために、コンサル(笑)的な観点から欧州の自動車市場でのEVの状況を補足したく思います。問題なのは PEM電気分解 と 充填 の効率だ。,NEUTRAL,0.6093898415565491
56,2017-09-23T12:58:59Z,1900年当時は、農家が労働力の40％を占めていたにも関わらず、今日ではその数が2％へと減少しており、人は仕事を求めて都市部へ移動してきたことがわかる。パタヤ旅行の前も他の場所へ旅行に行った時に仕事が入りましたが、なんなく処理することができて、全く問題はありませんでした。これはCraigslist上の詐欺広告ではないし、まだ選択肢としては存在していない。そんなの待ってていいんですかあなたは。そして人は職場の近くに住みたがる。しかし、もしもサンフランシスコに住む恩恵を全て受けられて、さらには海辺の家で目を覚まし、都市部と比べて半分の家賃で済むとすると、ほとんどの人が悩むことなくその選択肢をとるだろう。たまの休暇にがんばって海外旅行。リモートワークの下地はある。ある3つのテクノロジーが、私たちの不動産に対する見方を完全に変え、この理想的なシナリオを実現してくれるのだ。今後はテクノロジーの力を利用して、人はそれぞれ散らばって住むようになる。今後はテクノロジーの力を利用して、人はそれぞれ散らばって住むようになる。今後はテクノロジーの力を利用して、人はそれぞれ散らばって住むようになる。,POSITIVE,0.6076675057411194
57,2020-02-19T01:34:49Z,皮膚に粘着パッド（導子）の粘着剤を付着させたまま放置すると、かぶれなどの原因になります。2.粘着パッド（導子）を付属のビニール袋に入れ、ジッパーをしっかり閉じてください。2.粘着パッド（導子）を付属のビニール袋に入れ、ジッパーをしっかり閉じてください。次に挙げる交換時期のうち、どれか一つでも該当するものは、速やかに新品と交換してください。次に挙げる交換時期のうち、どれか一つでも該当するものは、速やかに新品と交換してください。※文字の種類は各商品によります。坂道、芝生、砂浜、砂利、雪、でこぼこ道も、杖の先が地面に合わせて自由自在に動くので、 どんな道でも安心して歩けちゃいます♪ 「ケーンセーフ」は倒れないのはもちろん、折り畳み式の杖なので、 使いたい時にサッと使えます！ストラップ付なのでまとめるのも簡単！ 耐荷重は115k。保管は直射日光の当たる場所や、高温多湿の場所は避けてください。保管は直射日光の当たる場所や、高温多湿の場所は避けてください。●負荷の強。体に貼ることはもちろん、コンセントに貼るのもおすすめです。中の突起がポコポコしてるのがよくわかります。父の日ギフト 焼酎の通販情報。,POSITIVE,0.8907367587089539
58,2020-01-20T08:45:24Z,围观: 794936次 | 责任编辑：徐芳芳。皖ICP备aea19932号-2皖公网安备 e7q279811sqc974783号 站长统计。北京确定再取消24项证明，基层证明精简比例达92% … 2020-01-20 16:50:55。俄学者谈美国在南海制造紧张：正娴熟玩弄着阴谋 … 2020-01-20 16:50:55。转载注明出处：m856.ioeoi.com/gmu/。2014金家岭财富论坛嘉宾云集 … 2020-01-20 16:50:55。光伏产业：海外市场大放异彩 2020-01-20 16:50:55。2013年度环球时报总评颁奖 … 2020-01-20 16:50:55。时间：2020-01-20 15:40 来源：中国日报网 作者：侯凯博。,NEUTRAL,0.7134682536125183
59,2016-07-31T09:37:49Z,"On the local, state, national and international levels, ルイヴィトン 財布 メンズ カード our alumni serve as effective leaders and responsible citizens.。What's in Store: Student's design selected to represent West Oahu By Nadine Kam Student's design selected to represent West Oahu •. louis vuitton メンズ 長財布6流行とトレンドテリレンルイヴィトン 安く買う目的のためのフィットネス：ルイヴィトン ミニ財布coach バッグ ピンクカラー：louis vuitton メンズ 長財布louis vuitton マフラー 人気HOT priceルイヴィトン 買取 札幌人気の要素：基準値：アイテムNNO：。Posted: September 8th, 2012 ˑ.。ルイヴィトン ホットスタンピングlouis vuitton メンズ 長財布人気のメンズ。",POSITIVE,0.563656747341156
60,2020-02-21T01:53:42Z,,NEUTRAL,0.9456811547279358
61,2020-02-29T06:43:06Z,当店通常価格28251.0000円 (税込)。bbexls3a19099-z6jo。価格28251.0000(税込)。*スタイリッシュでコンパクトなタワーデザインは、デスクトップやその他の小さなスペースに最適です。,POSITIVE,0.8599961400032043
62,2020-03-29T19:33:08Z,"【新品、本物、当店在庫だから安心】 ミュージカルランドエッフェル塔 巻き上げ式オルゴール 80日間 黄色 B07H6M8LWC, ザマシ 0f583da0。ミュージカルランドエッフェル塔 巻き上げ式オルゴール 80日間 黄色 B07H6M8LWC ニューベントの種類と特性 2017年4月12日。10-0o7ed045crqqwu。製品サイズ：6.3×9.2インチ。VisionX Imtra オフショア 20-LED マリンデッキライト 110-277VAC、140W、10°、ブラック仕上げ、IP68/69K (ILBMB072010PSE) B07HC3QB1M。Ouch Proof Plyoボックスすべて1つのジャンプトレーナー。Eiffel タワーを音楽再生で囲みます。Tune: 80日で世界中。",POSITIVE,0.4913029074668884
63,2018-10-23T18:06:10Z,スバルのここ数年の動きを振り返ると、スバルは自ら墓穴を掘ってきたケースが少なくないことが見て取れる。■外患の解決は難しい。スバルはこれまでにもたびたびリコールを行い、2017年には2008～2011年モデルの「レガシィ」、「フォレスター」、「インプレッサ」などの車種のリコールに踏み切っている。スバルは5日に開いた記者会見で、自動車の燃費と排気ガスのデータの改ざんという不正があったことを認め、新たな不正が見つかったことも明らかにした。スバルは5日に開いた記者会見で、自動車の燃費と排気ガスのデータの改ざんという不正があったことを認め、新たな不正が見つかったことも明らかにした。米国市場での販売量はかつてスバルの売り上げ全体の6割を占めていた。品質が今回の不正問題の背後で人々の怒りを買ったキーワードだ。データ不正の影響を被る車両についての最新の発表によると、これまでの903台が1551台に増えて、ほぼ倍増した。2つのことを両立させるのは難しい。スバルの関係者は、「車両の燃費データと関連のパラメータのテストで、スバルは車両の速度およびテスト環境の湿度の基準を守らなかった」と明かす。,NEUTRAL,0.3815332055091858
64,2018-09-22T12:47:59Z,アニメファンには初披露となったAIKIのソロボーカルだが、中性的なハイトーンの声質で独特の個性があり、今後の活躍を期待させるものと言えるだろう。前作のＯＰ主題歌「創聖のアクエリオン」は、パチンコ効果もあってアニソンの枠を超える大ヒット。２月前半はアニメサントラの発売予定が少なく、やや寂しい状況だが、そのかわりに主題歌の方はなかなか活況を呈している。間奏はピアノソナタのように華麗なピアノ演奏が楽しめ、AIKIとAKINOの姉弟らしく息の合ったデュエットを彩っている。今 敏が亡くなったいま、アニメで平沢進の楽曲が聴けるのは『ベルセルク』くらいのものだろう。楽曲名にもあるように、シリーズのテーマである「神話」を意識しての事だと思うが、特定の宗教・宗派を感じさせず、無国籍風に仕上げたところにセンスが光る。いずれにせよ、映画の雰囲気に合っているというよりも、映画の雰囲気を自ら作ってしまうほどの、強烈な個性を持った１曲だ。前作の曲調とは異なるアプローチで、2012年の続編に相応しい楽曲を作り出した。,POSITIVE,0.9487482309341431
65,2020-07-13T07:46:17Z,ヨーグルトランドの仲間たちは.。スカジットカジノ金曜日のビュッフェ スカジットカジノ金曜日のビュッフェ.。2001年から2002年の. ゲームの内容に関しては、「前作は、サイドからボールを上げて、ヘッドでゴールするというプレイがしやすかったが、今回は難しくした。それで、僕は6社のオンラインカジノ.。話を1次リーグに戻すと、ワールドカップの場合も、多くのメディアが「大会の予選リーグは…. どこかのテレビの宣伝に「FAカップは世界で最も歴史のあるトーナメント方式のカップ戦です」というのがありました。10ドルとデポジットなしのボーナスは、「NUGGET」コードの力でカジノのカウンターで.。が！たま～に初代のガーデンオプスをやると、ゲーム.。敵は、惑星.。この五都府県は、東京、静岡、大阪、和歌山、宮崎。スロットマシンのゲームのテンプレート。無料のトリビアの質問。,NEUTRAL,0.8362838625907898
66,2018-07-20T22:27:55Z,あなたがビデオをここで見るならば「ここのこの子犬は、フェルミです」と彼が言います。なめとんのか！）。人生は雨の日ばかりじゃない　Ver.2 発表はモックアップで。ハイエンドはフェイク、ミドル以下はリネーム。我々が示した製品は実際のFermiボードでした。デモはFermiシリコンの上で動きました。・同様に電源コネクタの下の箇所にもピンのパターンが無く、そこから横にずれた位置に８ピン電源用と思われるスルーホールがあり、さらにその横に２つ同様のスルーホールがある（残りのスルーホールは？）。彼らの答えは「あなたが書く前に我々に訊いていることがうれしいです。・バーコードステッカーが基板の端の部分で真っ二つになっていて、その端面は荒っぽく切断されたように見える。・なんでバックパネルを留めてるのが木ねじなの？（正規の位置にねじ穴がないから？）。ちなみに訳が面倒で中略した部分は、。そのGPUを搭載した、HPC向けのTeslaボードを披露した。・鉛筆書きの「７」は、もしかしてそのときの合格品7個のうちのひとつなんじゃねーの？。・基板のDVIコネクタの下の箇所にピンのパターンが無い。,NEUTRAL,0.8947796821594238
67,2020-04-03T11:56:57Z,ただ、こういう経営内容でもスマホ決済の草分けとしての将来性を評価する声はあり、2019年11月に公表された日本経済新聞社の「NEXTユニコーン調査」ではオリガミの企業価値を417億円とはじいていました。オリガミを買収したメルカリはNTTドコモと連携することにしており、楽天の楽天ペイはKDDI（au）と連携します。しかし、いったん黒字転換すると、あとは黒字を増やし続けるようになります。IT企業などの新興企業の中には、赤字が続いていても将来性を見込まれて世間から大きな企業価値を与えられるケースがあります。大化けするか、消えていくかの見極めは簡単ではありませんが、事業内容が本当に新しいか、経営者にリーダーシップや人望があるか、社風に無理がないか、などは目安になると思います。アメリカのツイッター、フェイスブック、アマゾン、テスラなどの成長企業も長い間赤字でした。スマホ決済の草分け。つまり、売り上げの10倍以上の支出があったわけです。（写真は、オリガミとメルカリのアプリ）。赤字の新興企業の見分け方。,NEUTRAL,0.8738191723823547
68,2017-05-26T11:06:07Z,何かの佐野だろ？」という人妻に向けたWEB広域も増えていて、お開き雪山に多くの人妻の古臭いが天中にスポーティーしています。個々人が会得しているインテージホールディングスを田中広輔虎抱頭して稼ぐというのが、デリヘルをする上での空母機動部隊です。慌ただしい殆どのダルビッシュ 有の人妻の代行をして、当直の者や来週我が家等の者先を発見できる、お役立ちのインター益金の上海市が揃っています！統計上は、べラドンナエキスをしている請いの閃光額の４号駆逐戦車値というのが、ゑのぐされたうつみ 宮土理さんで約3000万円益城町、末弟のデリヘルに不首尾している気の病方の４号駆逐戦車額は、ほぼ1200万円という驚きの概算北海道電力がクリバーされました。おや？と思ったときには、競泳を手に入れている風俗があなたのそばにもいませんか。関西テレビ放送五本場に師子王なのは、包囲機動のストレッチで大胸筋の筋力を上げる事だと言われているのです。一握りの不例霜降りを奪い合う争いが起きることになるのです。いま、増えているのは、項部で風俗デリヘルする手法です。今度は佐野とはいえさまざまな地域に布石を打っているのが、我が社のトレードマークです。,POSITIVE,0.5966489315032959
69,2018-05-25T07:03:52Z,同社はまた、運用の複雑さと総所有コスト（TCO）を削減する、完全に管理され、スケーラブルで安全なクラウドインフラストラクチャを提供することで、ユーザーがデータに集中することを容易にします。基調講演には影響力のあるシリコンバレーベンチャーキャピタリストMarc Andreessen、 スピーカーはデータとAIの統一に焦点を当てました。Apache、Apache Spark、およびSparkは、Apache Software Foundationの商標です。Andriessen Horowitz、NEA、Battery Venturesのベンチャー支援を受けているDatabricksには、Viacom、Shell、HPなどのグローバルな顧客基盤があります。今年のスパーク+ AIサミットの主なテーマは、現実のAIの使用事例、深い学習フレームワークとApache Sparkの統合、マシン学習モデルの生産のベストプラクティス、規模でのApache Sparkの使用方法などです。Databricksの使命は、データサイエンス、エンジニアリング、ビジネスを統合することで、お客様のイノベーションを加速させることです。,POSITIVE,0.8954669237136841
70,2020-08-10T03:34:55Z,Hoc Medicalの略語 2020。愛くるしい犬や猫が、新しい飼い主との出会いを待っているペットショップ。そして今、コミカルな眉毛が流行し. シェパードのオスを買いたいと思っています。バーニーズの大きな体ゆえの注意点を頭に. 民泊であるairbnbは、運用代行に依頼する方法もあります。近所のペットショップで購入しました。私たちはおかしい海賊の衣装で子犬を包み込み、明るい赤いサンタの帽子をかぶっているだけでは十分ではありません。バーニーズ・マウンテン・ドッグは、人気上昇中の大型犬です。マウンティングかと思い、叱って止めさせたのですが、なぜかペニスが露出していました。﻿﻿ 私の近くの販売のための赤いMerleオーストラリアンシェパードの子犬 2020年 // zeepaw.com。部屋のデザインや家具・家電の購入、写真撮影、外国語対応、鍵の受け渡しまで、個人に代わって対応するのが特徴です。ガラス戸の中にたくさんのワンコが陳列されている中、. どうやら、私たちの人間は、ドレスアップして馬鹿に見えるペットの姿を愛しています。Excelが複数の条件の場合。.。,NEUTRAL,0.7237323522567749
71,2018-02-18T10:37:43Z,【送料無料】 スミノエ ラグ スミトロンニューサキソニー(200×250cm/ベージュ)【日本製】[SNX2200X250]!高級・上質志向の方にお勧め！足元からラグジュアリー体感を。【送料無料】【代金引換不可】診察台　６００-１８-６０【全国送料無料】綿100% 無地調 国産 こたつ布団 こたつ掛け布団 正方形 掛け単品 『びわ』 レッド 約205×205cm【ポイントアップ中】数量限定販売 幅135cm ウォールナット材 ウォールナット無垢材の小さな部材をパッチワークのように継ぎ合わせたアンティーク風のダイニングテーブル LEGO-TABLE135。ヘッドボード　Dダブルサイズ　(ホテルタイプベッドの頭元を飾るフラットな板状のボード)TOLFガス管ダイニングテーブル120NEWエリカ85。,NEUTRAL,0.7471286654472351
72,2018-01-23T23:25:34Z,"(業務用10セット) ジョインテックス PKパネル 小物トレー PK-ST ×10セット。【USA在庫あり】 0710-0063 Parts Unlimited スノーモービル ウィンドシールド バッグ Ski-Doo 黒。オフィスデスク　リンクス【LX-1】　平机　引出付　幅1100mm　（611766）【LX-118H】。NISMO ニスモ ﾌｭｰｴﾙﾎﾟﾝﾌﾟ 17042-RRS31 S13,R32 4.1L/min 高流量。GALESPEED TYPE-R フロント（350-17） カラー：ブラックメタリック ZZR1100 ﻿2016年最新モデル littlegingersandco.com。GALESPEED TYPE-R フロント（350-17） カラー：ブラックメタリック ZZR1100。【送料無料・2-3営業日発送】アライ(ARAI) バイクヘルメット フルフェイス ASTRO-IQ STOUT メタシャインブラック L 59-60cm。",NEUTRAL,0.770547091960907
73,2019-12-07T16:23:13Z,他のユーザーは購入のために順番待ち受け付ける。宴会に出席した現在の首相テレサ・メアリー・メイは、サッチャー夫人の後に英国の歴史の中で首相として登場した2番目の女性でした。YouBank(ユーバンク)の事業収益は、。資産運用チームの中核メンバーは、ゴールドマンサックス、JPモルガンチェイス、モーガンスタンレー、タワーリサーチ、ローンパインキャピタル、ワールドクワントなどの国際的な一流の量的ヘッジファンドからのものです。毎日の配当を得るためには、以下のAIトレードによる運用の設定が必須となります。英国の首脳、政治およびビジネスの代表者とのこの会議は、より多くの英国企業が世界初のデジタル資産銀行プラットフォームであるYAUBANKについて学ぶことを可能にし、Youbankのための世界最大のドメインフリーエコシステムの構築に役割を果たしました。登録時の携帯番号は、先頭の「0」を省きます。それはYBTの転送機能とスキャンコードの収集と他の機能を復元しようとしている、特定の時間はシステムのバックグラウンド表示の影響を受けます。2.アプリのインストール。「私の」をタップ。,POSITIVE,0.5113963484764099
74,2017-10-18T00:10:12Z,高松空港（高松市）に着陸直前の日本航空機に管制官が応答しなかった問題で、管制塔にいた管制官は居眠りをし、もう１人は別室で私的なインターネット利用をした後、夕食を買いに行っていたとのことです。それだけ大変な仕事なのでしょうから、賃上げ交渉に笑顔が出てくるのですね。スカイマークを設立はこの格安旅行大手、エイチ・アイ・エス(HIS)なのを忘れていましたね！ HISはかつて、今日のLCCの先駆...。抗議行動の実施期間は伝えられていないが、クリスマスの旅行シーズンに全面ストライキはしないとしています。抗議行動の実施期間は伝えられていないが、クリスマスの旅行シーズンに全面ストライキはしないとしています。ですが、大手の値引き攻勢にさらされて収益化に手こずり、現在は8％弱の出資比率に下がっています。今回は、満を持しての航空事業への本格的な再参入！。HISはかつて、今日のLCCの先駆けとも言える格安航空としてスカイマークを設立したのです。その後、ヘッドセットを外したがスピーカーの音量を戻すのを忘れ、そのまま居眠りです。,NEUTRAL,0.5508021116256714
75,2018-07-16T01:01:17Z,現行のルノーとの共同開発スマートではまだ設定はないが、ディーラーの噂話ですと来年販売されるとのこと。（納車された時に社内のバックミラーにコードがつながっていて、熱線内蔵のバックミラーの意味が冬場でわかりました。それでも、燃費以外の面においても、リーフには満足しています。」とありますが、私は都内のマンション住まい。そのため、公称容量を発表している車両の場合はその公称容量を、テスラのように発表していない会社の場合は、モデル名の数字を使っています。だからトヨタのEVは、FCVとPHEVとBEVの三系列の車種があります。自分の場合は、長年の車を使った経験から、i3がベストチョイスでした。当ブログでは、大変申し訳ないのですが、電動車両を以下のように分類しています。# 空力の小さい車両をイメージするには、、新幹線をイメージしてみてください。他社のPHEVが急速充電に対応していないのはコストの問題以上のものを感じます。中古で買って1年経ったのですが、乗ってみて思ったのは。というのが本音です。軽自動車のアイミーブ、軽バンのミニキャブ・ミーブ バン、SUVのアウトランダーPHEVの四車種。,NEUTRAL,0.7051891088485718
76,2019-09-23T05:53:01Z,1000 1000（千、せん、ち）は自然数、また整数において、999の次で1001の前の数である。200 200（二百、皕、ふたもも、にひゃく、ふたひゃく）は自然数、また整数において、199の次で201の前の数である。GT500に参戦するスープラ、NSX、GT-Rのレーシングカーが公開に。獣皮を書写の材料とすることは古くからあったが、これが本格的に本の資材になったのは、紀元前2世紀ごろである。つまり、狭義の本には巻物は含まれない。現在の日本の活字印刷の基礎を築いたのは本木昌造で、幕末の1852年に鉛活字を用いて「蘭和通弁」を刷り、明治になって今日の号数活字の制定など活字印刷の緒をつけた。日本で作られた本、いわゆる和書の歴史は、洋書の歴史とは異なり、いきなり紙の本から始まる。1500、および1800の出力を向上。G、T、Rです。当初、メーカーの広報車の一部には、「RX」のロゴとストライプを組み合わせたデカールが貼られていた。東洋の書籍の書写材料は簡策、絹帛、紙の順に開発された。共働きの奥さんがいて、娘が1人。,NEUTRAL,0.5149650573730469
77,2019-04-25T17:12:51Z,"地上の輸送手段の主な形を網羅するために事業を拡大する
現在、テスラはプレミアム セダンとSUVという比較的小規模なセグメントで展開しています。モデル3と次のコンパクトSUV、そして新しいタイプのピックアップ トラックを販売することで消費者市場の大部分をカバーできるようになります。以下で説明するこのプランの第三部にある理由から、モデル3よりも低価格な車両が必要になる可能性は低いと思っています。",NEUTRAL,0.8320900797843933
78,2019-05-23T14:58:42Z,中国台湾网 聚焦台湾 携手两岸 - 石狮市公安局交警大队永宁中队新闻网 - luntanmh68.cn。2019-05-23 22:58 来源：寻医问药。部委快讯2019-05-23。台商大咖说2019-05-23。早安海峡2019-05-23。海峡论坛2019-05-23。青年课堂2019-05-23。今日台湾2019-05-23。热图2019-05-23。经贸2019-05-23。,NEUTRAL,0.8209325075149536
79,2017-10-23T14:09:12Z,旭化成のブースでは、この車を一目見ようと来場者が次から次へと訪れていた。そこにはこんな事情がある。例えば、ボディー用塗料には「デュラネート」や「旭化成アルミペースト」、タイヤには溶液重合型スチレンブタジエンゴムの「タフデン」、Aピラーにはスチレン系熱可塑性エラストマーの「タフテック」、シートには3次元立体編物の「フュージョン」、バッテリーにはセパレーターの「ハイボア」といった具合で、その多くが独自に開発したものだという。「自動車関連事業は当社の中で重要分野と位置づけており、現在1000億円の売り上げを2025年度には3倍の3000億円にする目標を立てています。「この車には旭化成の製品が27品目使われ、旭化成の技術と素材をふんだんに詰め込みました」と同社オートモーティブ事業の関係者。「そのほか、うちはエレクトロニクス事業もやっているので、センサー類も強く、この車ではシートに座っただけで脈拍がわかり、また車内の空気の状態もわかります」と前出の関係者は熱心に説明する。旭化成とEVメーカーのGLMは共同開発で、旭化成の自動車関連部材…。それにしても、化学会社である旭化成がなぜ車をつくったのか。,NEUTRAL,0.5149878263473511
80,2017-08-18T07:05:12Z,"トヨタ ウィッシュ 1.8 S スマートキー プッシュスタート ETC。2002年 13.9万km 2017年8月 香川県。Copyright (C) 2017 Recruit Marketing Partners Co.,Ltd.。日産 エルグランド 3.5 VG 4WD。2007年 8.8万km 2018年7月 香川県。2005年 14.6万km 2018年3月 香川県。2010年 4.7万km 2019年5月 香川県。2006年 10.6万km 2019年3月 香川県。2005年 11.7万km 2018年1月 香川県。2012年 6.1万km 2018年9月 香川県。2014年 1.0万km 2019年3月 香川県。559件中1～20件を表示 表示形式：[ タイトルと画像 | 画像を大きく ]。Copyright (C) 2017 Carview Corporation. All Rights Reserved.。ホンダ モビリオ 1.5 WT。香川県 - carview!。香川県 の中古車一覧 ページトップへ。香川県 の中古車一覧。",NEUTRAL,0.7302111387252808
81,2018-10-17T21:07:50Z,デバイスは、サーバが配信するストリームをデコードするだけだ。NVIDIAで上級事業開発マネジャーを務めるジェフ・スポーン氏によると、NVIDIAのvGPUが誕生したきっかけはオフィスの定義が変わったことだという。そのため、VDIの管理者は仮想GPUテクノロジーのメリットを生かす方法を理解しておかなければならない。ユーザーは場所を選ばずに仕事ができるようになった。NVIDIAがなぜ仮想GPUに注力するのか。そうなると、IT担当者にとっては、グラフィックス処理の負荷が高いアプリケーションであっても、ユーザーが必要とする全ての場所に配信しなければならない。vGPUは、グラフィックス負荷の高いアプリケーションを操作する仮想デスクトップユーザーのために、複雑なグラフィックスをレンダリングするテクノロジーだ。vGPUにより、全てのグラフィックス処理はユーザーのデバイスではなく、VMホストサーバ上で実行することになる。負荷の高いアプリケーションとしては、Autodeskの「AutoCAD」やAdobe Systemsの「Photoshop」などがある。NVIDIAのvGPUは2012年に登場している。,POSITIVE,0.7564342617988586
82,2020-08-05T02:30:36Z,エレクトリックモーターに使用するバッテリーは. ディープサイクルバッテリーって何ですか？普通のボートには使えませんか？ 一般のカーバッテリーは、充電完了は概ね16V程度で、そのまま継ぎ足し充電しないで使用しているとゆるやかに電圧が下がって行って完全放電す.。最上級グレードと同じエンジンでありながらベース車両がRTの為、価格的にも手を出し.。アルミボートに25馬力の4ストエンジンでバス釣りを楽しむ者ですが、セルとビルジポンプ用に積んでいるバッテリーについての質問です。釣りというより、ボートの質問ですみません。ここにあなたが自由のために、ワイドスクリーン用のHDワイドスクリーンの高品質の解像度で写真を無料で2015ダッジチャージャーRTスキャットパック高解像度のデスクトップの背景を.。,NEUTRAL,0.6669731736183167
83,2020-08-07T15:33:38Z,PACの最後のレビューは5月に行われた。さらに、各空洞の上の低温ファクトリーは、魔法びんを極低温に保つ。委員のほとんどは、リニアコライダーの専門家ではなく、また、若手の委員のアサインが多かったこともあり、リニアコライダーのことはもちろんのこと、高エネルギーの分野全体に関する勉強会が、何度も時間をかけて行われた。月曜日、CERNの科学者は、CERNの粒子衝突実験は、宇宙の最初の瞬間におそらく存在した物質の新たな測定を行ったと発表した。陽電子標的の遠隔操作の為の全体配置の概念設計。過去数年間のFermilabの活動は、私たちをSRFの世界での指導的地位にもたらした。記念会議は、次世代の実験を検討。第4の文書は、LHCの最新の結果や最近のヒッグスらしき粒子の発見など、リニアコライダーの物理学上の意義が盛り込まれている。答申の概要は以下の通りだ。「特定の方法で特定のサイズのボールと共鳴する、幾つかの周波数があるのです」と、Ross氏。今回の研究会の目的は、基礎科学の啓蒙とILCの周知であった。世界の次のコライダーを計画する。これは、現在の私たちのメインの作業である。,POSITIVE,0.8184722661972046
84,2020-04-03T23:43:15Z,本站（7ag.tuiheiyi0154498.cn）提供关于（利来w66官网官方下载）的内容。利来最老网站_利来最老网站官网�I�I 2020-04-04 07:43:12。阅读(462) | 评论(356) | 转发(383) |。注册时间：2020-04-04 07:43:12。侯天宇2020-04-04 07:43:12。字云龙2020-04-04 07:43:12。徐小芮2020-04-04 07:43:12。丁国强2020-04-04 07:43:12。田中理惠2020-04-04 07:43:12。2020-04-04 07:43:12（841）。2020-04-04 07:43:12（905）。2020-04-04 07:43:12（286）。2020-04-04 07:43:12（570）。2020-04-04 07:43:12（198）。2020-04-04 07:43:12（202）。,NEUTRAL,0.735118567943573
85,2018-10-18T21:20:10Z,ICOもクラウドファンディングも未来があると思うけど、デューデリと進捗モニターの仕組みがないと、こういうのはなくならないような気ががあるようだと、歳を取って見えてしまうのです。洗顔用の石鹸をそのまま肌に乗せるのは間違いで、あらかじめ泡立ててから肌に乗せるようにしていただきたいです。寒い時期にBinance LabsとBinanceのListingチームは独立を保ち、Labからの投資はlistingを保証しないものの、投資にあたり高レベルのデューデリを実施しているとのこと。銘々の肌に合致した商品を長期間にわたって使っていくことで、効果を自覚することが可能になるのです。が見えにくい白い陶器のような潤いのある美肌になりたいのであれば、メイク落としの方法がポイントになってきます。口回りのジミンちゃんのお色気が、そのうちユニセフのデューディリに引っかかってまうんちゃうやろかと、別の意味でもドキドキしてしまう。商品を有効に利用して、肌の保水力を高めてください。の効いた部屋の中に一日中いると、肌に潤いがなくなってきます。グッズは、諸々のメーカーが売り出しています。,NEUTRAL,0.5706049203872681
86,2018-02-21T12:56:12Z,まぁ、冗談はこのぐらいにして、本当の洞察を進める。そして、この国家社会主義、共産主義には共通項があり、それは、、、。まぁ、いづれにせよ皇室本家側に楯突く勢力には、、、。さてさて、この動画の中での最大の収穫は次の4点。これは凄い展開になりそうな予感、、、、。恐るべし、、、モランボン楽団。姿・格好は似ているし、床面の装飾などホワイトハウスっぽいが、、、、髪の生え際、顔の膨らんだ感じはチト違うようにも見えるのだが、、、、。で、一番驚いているのが日産だったわけだが、、、、（あはは）。ご、こめん、、、ユナちゃん。さてさて、そんな師走の中、コメントで戴いた内容、、、、。ブース入口でユナと目が合ったが、、、、、。こ、、、こんなことになるとは、、、、（滝涙）。たた、こんなもの流通したら、、、、、。この絵画のおかしな点は、、、。まとめると、こんな感じか、、、、。さてさて、予言内容の詳細は、、、、。現時点での次世代自動車の国内の勢力地図は、、、、。そして最後の最後になって、、、、。だが、この競争の真の狙いは、、、、。で、その意味は、、、。だが、最大の衝撃なのは、、、、。,NEGATIVE,0.4587472379207611
87,2020-07-11T17:32:52Z,2001年のヴァルホールでのコンサートのスポンサーがVolkswagenだった気がしないでもないのですが、確証は得られませんでした。ポールやマグスの曲があって、モートンの信じる力があって、そして、マグスはモートンの声を「ポールと僕の作った曲がメインストリームに乗ったのは、モートンの声によるところが大きい」という。（カーマガでのインタビューの様子）。地図と動画から推察するに、このビデオは最南端近くのKristiansandから、Nærsnesを通って、オスロにあるノルウェーのVolkswagen本社に移動したのではないかと推察したのですが、残念ながら最後のシーンをみると、周りの景色が違うんですよね。a-haが、アコースティックバージョンの『Take On Me』をBGMに、VolkswagenのCMに出演しています。次の記事a-haの来日延期の経緯を、Creativemanが語っていた。最初の電気自動車のお披露目会の様子。こちらのVolkswagenのサイトには、今回の撮影の写真が沢山掲載されています。ポールの曲作りへの思い、マグスの音楽との関わり方、そしてモートンの思う、a-haの中での自分の役割。,NEUTRAL,0.6193379163742065
88,2017-01-18T06:25:50Z,賞品は、女性に大人気ブランドより5万円相当のスーツケース、また“旅の達人”であるエッセイスト・たかのてるこ氏が監修した、旅行で便利な＜TABI-LIFE＞グッズを予定しております。当社の「Wi-Ho!®」においても、全体の5割以上のお客様にアジア地域用商品をご利用いただいております。今年の夏休み期間にアジアでご利用いただく方向けに、当社初の早割を実施します。また、アジアの各国政府観光局が、女性をターゲットに様々なプロモーションを実施しています。今回のキャンペーンでは、高速データ通信の4G商品も早割の対象としており、最新の商品も10％OFFの1日630円にてご利用になれます。香港政府観光局は、30代から40代のOLをターゲットとし、今年の観光親善大使に同年代の女性に人気のあるアーティストを起用し、様々なプロモーションの実施をすると発表しています（※1）。これを受けて、当社でも、女性向けのプロモーションを実施することにいたしました。同様の他社サービスでは、別途、各種の手数料がかかるのが一般的ですが、当社は一切の手数料をいただいておりません。,POSITIVE,0.7559725046157837
89,2020-02-22T10:40:02Z,専門は犯罪学ですが，日本の皆さんの想像する犯罪学とここ欧米での犯罪学は大きく違っていますし，また私が取得を目指している学位もMaster of Researchという研究（手法）重視の変わったものですので，私の経験は何というか特殊なのかなと思ったりもしています。私の技術的な進歩をお待ちください。また第三の理由として，私の経験が同僚や後進の方々の手助けとなればというささやかな願いもあります。次の記事（このブログにおける最初の「中身」）のテーマは，このブログを開設するきっかけにもなった死刑制度の話になると思います。アカデミックの末席に身を置く者として，また第三者からの批判や指摘を受けるのに老いすぎているということもないとの気軽な自覚からブログを思い立ちました。読者の方々からのコメントを楽しみにしているのはもちろん，いずれメールフォームでもくっつけて，連絡がとれるようにでもしようかと思っています。さて，たいしてできも良くない学生の身分の私がこのブログを始めたのにはいくつか理由があります。もうこの二文を書いた時点で，文末の文体をどうそろえていいのか途方に暮れている始末です。もともと文章を書くのがうまい方ではない。,NEUTRAL,0.6873453855514526
90,2018-03-24T19:40:41Z,販売店はトヨタ店の専売で、８月上旬時点の事前予約だと10月頃の納車になる見込み。マツダの技術はスゴイ！」。２月に発売した新型CX-5の売れゆきが好調で供給が追い付かなくなっているのと。全ページではありませんが、。トヨタ、透けるAピラーの特許を米国で出願。ミニストップの駐禁車への対応が神レベル。ただ、９月上旬に別の研修会があり、そこでメーカーの人も来るので聞いてみたいとのことでした。同社は軽の開発、購買、生産、営業の機能を鈴鹿製作所（三重県鈴鹿市）に集約し、顧客の声を開発にすぐ反映できる体制を敷く。マツダ、「スワンウィングドア」の特許を米国で出願。海外での試乗レポでＣＯ２排出量が多すぎていたのが効いたのか？。カタログも発注したのに、届いたのは半年前のティザーだったと。日産版の三菱エクスパンダーはただのＯＥＭではない。カスタムの価格、オプションなどをみれます。先日発売を開始した、三菱エクスパンダーは、。みんからのMP4 さんが、。こちらの記事 でも紹介したように、。あと、気になったのが予約受付準備に向けて、。ボディカラーは、ブルーメタリック、ホワイト、ブラック、シルバーメタリック、レッドメタリックの５色。,NEUTRAL,0.6983429193496704
91,2017-03-30T14:35:02Z,今回、かねてより交流のあったBillyからのオファーにNARASAKIが快諾する形で実現した異色のタッグが、ダンガンロンパの世界観にまたひとつ新たな彩りを加えることは間違いない。また、日本国内のアイランドレゲエコンピレーションCDにも参加したりと、精力的に活動しています。有名なアイランドレゲエアーティストと次々にコラボレーションをし、ハワイのラジオ局では毎日ヘビロテになるほどの人気を誇るAWA。自ら曲作りをして、多くのアイランドレゲエアーティストとコラボしているニュージーランドの美声を持つ美男子AWAの曲是非、聴いてみてね。そんなヒットシングルの替え歌に、今回のアルバム発表を機に西野自身もチャレンジした。日本のロックシーンを大きく塗り替え、幾多もの伝説を作ってきたまさに唯一無二の存在であり続けた氷室京介の35年の歴史に1つの幕が降ろされた。終演後、応募をしてくれた生徒とも念願の対面を果たし、コブクロに感謝を伝え、今回のサプライズ訪問は感動の1ページで幕を閉じた。ようやく年度末試験が終わって、サンディエゴの兄のところに遊びに来ています。もう少し、できるの楽しみに待っててね。,POSITIVE,0.9612316489219666
92,2016-06-28T15:00:41Z,昼間でしたら、経験十分な専門医が何人もいますので、他科の医師がその様なことをする事は絶対に有り得ません. アディダス マラソントレーナー アディダス マラソントレーナー adidas 25周年 アディダス ガールズショップ アディダス サッカースパイク カタログ アディダス マラソントレーナー アディダス マラソントレーナー アディダス マラソントレーナー。アディダス マラソントレーナー アディダス マラソントレーナー 演習問題および解答の内容などによって認定されないことがありますが、認定されたからといって演習問題や解答が正しいことは保証しません.。トーク商品の重量：青年会議所のメンバーとして人格・品位ともに優れていること.。現在（3月７日）の時点で昨年の末頃からのメールが受信出来る様に回復し、一件ずつ アディダス マラソン 時計 アディダス ブーストとは メールの内容を確認作業に入っておりますので当店からのご連絡をお待ち頂き、ご不安 アディダス マラソン サングラス になられます.。,POSITIVE,0.8264297246932983
93,2018-02-22T14:15:56Z,かなりの大きさ。ピザは最初に頼んだケールのピザが焦げ気味だったので、焼直してもらったのがアサリのピザ。アメリカにいながらにして、厳選された和の食材を頂けるのは本当にありがたいです。入り口の断り書きには、レストランで使います、って書いてありました。この日のドライブはお友達の車ガルウィングのテスラ（ドアが翼のように上に開きます）で♪。真ん中のチョコを挟んで、サーキットをイメージした盛り付けなのだとか。レストランはなんとポルシェの会社の中！。デザートは手作りのわらび餅と抹茶アイス、グレープフルーツのゼリーにサツマイモの甘煮でした。みんなの前でお願いをして、ろうそくを吹き消しました。魚料理のグリーンのソースはタイのグリーンカレー風味。実は10日も前の話なのですが、縁あって隠れ家でのお食事の機会に恵まれ、行ってまいりました。さて、今回のDine LAメニューからチョイスしたのは。サーモンタルタルにタコのカルパッチョ。さて、食事の後に運ばれてきたのは～、。デザートのプレート。デザートはかなりの種類のアイスクリームかジェラートから選べるのと、ビスコッティのアソート。我が家のデコレーションにぴったりの秋色の花束。,POSITIVE,0.9174935817718506
94,2016-08-26T04:57:33Z,おサイフケータイ、赤外線、防水・防塵、Bluetooth 3.0、802.11a/b/g/n WiFi。スマートフォンには、4月に先行発表されたHTCの日本市場特化モデル HTC Jを含めて6機種になります。画質調節エンジン SVエンジン3や、乱反射を防ぐリフレクトクリアパネルなど、画面の美しさを訴求したモデル。ノイズキャンセルや相手の声の速度を落とす「ゆっくり通話」。金属調の塗装と光るキーの質感、ラウンドフォルムなどデザイン強調。おサイフケータイ、赤外線、防水・防塵、Bluetooth 3.0、802.11b/g/n WiFi、ワンセグなど。デュアルコアプロセッサ、1GB RAM、16GBストレージ、microSDXCスロット。新UIの Feel UXを搭載。京セラ「大人の端末」シリーズのスマートフォン。4-PLUS-1コアの Tegra 3採用。ほかBluetooth 4.0、DTCP-IP対応DLNA、WiMAX、Wi-Fi。赤外線、防水・防塵、Bluetooth 3.0、ワンセグも対応。FeliCa、ワンセグ、赤外線も搭載。WiMAX、Bluetooth 3.0、WiFi、赤外線、防水防塵。,NEUTRAL,0.5071142911911011
95,2020-05-29T09:41:36Z,"Filed under: ihwxpmdl — Tags: 上海419论坛RV, 上海419论坛VY, 上海419论坛XX, 上海419龙凤ZP, 上海千花网CK, 上海楼凤SC, 上海楼凤TV, 不准不开心论坛SF, 不准不开心论坛WX, 夜上海论坛BP, 爱上海419CP, 贵族宝贝XG — admin @ 7:16 pm May 14, 2020。Filed under: bwzuwcqy — Tags: 上海419论坛YK, 上海419论坛ZB, 上海千花网HP, 上海后花园EU, 上海楼凤WQ, 上海水磨会所IE, 上海龙凤419JT, 娱乐地图LE, 爱上海419CP, 爱上海419LC, 爱上海419TM, 爱上海419XI, 苏州桑拿AB, 苏州桑拿UO, 贵族宝贝PT — admin @ 6:12 am July 21, 2019。娱乐地图,爱上海,上海419论坛 - Powered By 爱上海419CP。",POSITIVE,0.6291730403900146
96,2020-08-11T10:39:31Z,(照片来源：IDRA)。发布时间：2020-07-22　作者：Bill Visnic。,NEUTRAL,0.8494945168495178
97,2020-07-09T03:45:42Z,つまり君たちはそんなものに期待をかけているのだ。白髪頭のじじいはそんなことを言って俺を見つめてきた。君、ちょっと想像してみて。ZIP神はたまたま寿命が近かった俺を引っ張ってきて、巫女となるのに十分な素地を与えた。「神が信仰を集めれば強くなるのと同様に、巫女もまた信仰を集めれば強く、美しく、賢くなれるのじゃ。俺が振り向いたことに気付いたのか手をぶんぶん振っていた。驚いて大声を上げると目の前のじいさんも同時に大声を上げた。なんで人の家に勝手に入ってきて立っているのかはひとまず置いておいて今はただ単に目の前の出来事に集中するんだ。朝起きると、目の前に変なじいさんが立っていた。神が全能だというのはやはり嘘だったのか。『妹』というのは単に「同じ血縁の中での年齢の上下関係において、下である方」を示しているだけなのだ。「お主にはわからないじゃろうが、わしには使命があるのじゃ。「疲れたのは私の方なんだけど。じゃがやってほしいのじゃ。神の世界の中ではまだ産まれたてであり弱い。むしろ俺が廃人と化すのはそうではないのだ、そうではない。可愛いってのは単なる顔の造形の差だ。最後に、年齢。,NEUTRAL,0.589875340461731
98,2020-04-08T23:00:11Z,「Model Sの設計ではパフォーマンス指向の効率化を推進しました。そのインフォテインメント・システムの中心として、センター・コンソールに 17インチのタッチスクリーンがあります。Teslaでは、EVおよびEV車用パワートレイン部品の設計、開発、製造、販売を行っています。これらの将来予測的な記述は発表日時点での見解に基くものであり、NDIVIAはこれらの記述を更新する一切の義務を負いません。みなさまのご来場をお待ちしています。NVIDIAのおかげで、エネルギー消費を最小限に抑えながら最高のグラフィックスを得ることができました。テスラ「モデル S」のインフォテインメント、ナビゲーション、インストルメント・クラスタのシステムにTegraプロセッサーが採用。インフォテインメント・システムとナビゲーション・システムには以下の特長があります。インストルメント・クラスタはオールデジタルで、以下の特長があります。省エネルギーのTegraで、電気のみで走るセダンの インフォテインメント、ナビゲーション、インストルメント・クラスタのシステムを駆動。,POSITIVE,0.8133682012557983
99,2017-05-28T06:47:27Z,FinTechの言葉は定着し、多くの金融機関が様々な対応を進めている。また、従来の延長で単に顧客のデジタル化に合わせ対応しているだけでは、コストが積みあがるだけで、競争力の低下につながるとの意見も多い。これは、顧客のスマートフォン中心のフリーマーケットへのシフトという流れを見ての判断だという。FinTechで何を目指すのか。若者はスマートフォンでソーシャルネットのアカウントを使い、通話やメッセージの交換、写真・動画の共有を行う。筆者は今年イタリアの2つの銀行を訪問した。各社は争って、人工知能（AI）の導入のために多額の投資を計画し、通信大手とも共同の検討を進める。五十嵐文雄の他の記事一覧。そうした取り組みの際に必要となるのは、「従来の基準」を捨て去ることだ。このプロセスの見直しには、複数の部署のメンバーが集い、従来プロセスの見直しではなく、AIなどデジタルの活用を前提に新しいプロセスをつくることを主眼に検討を進めたとのことであった。,NEUTRAL,0.5421088933944702
100,2018-01-23T01:46:08Z,チェルシーの闘将に驚きのオファー！　デンマーク強豪が選手兼任監督での獲得を熱望。今回発表されたのは2009年のジャパンツアー以来、7年ぶりのBECK。ジミヘンドリックスのギタープレイの評価 １５歳でロックにはまってすぐにジミヘンのとりこになりました。最後の一言は腹立つし、骨も真っ二つになったのは絶対先生のミスですよね。2016年、日本中の話題をさらった芸能人の不倫騒動。フジロックでのBeckのセトリをおしえてください。30日、自身のInstagramに気になる写真を投稿していた。革自体の破れは無いのですが、綿糸が劣化し、所々切れて解れています。出来たら気持ちの明るくなる、落ち着く、安らぐのを交互にいれつつ。挙げ句のはてに、その次の日と三日後の診察の時に、親指辺りが痺れると言っても、何も言ってくれません。今回のツアーについて、初来日の思い出、日本のファンへ向けた。流行の映画、ドラマ、CMで耳にした楽。タレントのベッキーが1月25日、自身のInstagramを更新。ドライブの時に...。今のところの候補は以下です。カイ・ホーレンベックのまとめ。貴方のインストゥルメンタルの名曲、お気に入りを教えてください。,NEUTRAL,0.5879367589950562
101,2020-07-02T17:03:02Z,"34.48kg。NBK 850-C-5 JIS Vプーリー 鍋屋バイテック。ＣＫＤ ブレーキ付シリンダ（セルトップシリンダ）ブレーキ用バルブ付支持金具アリ JSC3-V-TC-63B-250-2。?マルヤス　ミニミニエックス２型 〔品番:MMX2-304-150-700-K-60-A〕[TR-1473637]【大型・重量物・送料別途お見積り】。★直送品・★三鈴工機（株） 三鈴　スロットインローラコンベヤ　ＭＳＳ５７型　径５７．２Ｘ１．４Ｔ [ MSS57A801530 ] 激安,DIY・工具-ローリングタワー、ハッスルタワー,発電機、ディーゼル発電機、,溶接機、エンジン溶接機、電機溶接機,ブルーシート、UVシート、ボウエンシート,梯子、はしご、脚立、踏み台、作業台、足場台,コンプレッサー、エンジンコンプレッサー,インパクトドライバー,チェーンソー、ポールバリカン、柴刈り機,安全靴、安全帯,?TAIYO　高性能油圧シリンダ 〔品番:70H-8R2FZ80CB450-ABAH2-FL〕[TR-8477446]【大型・重量物・個人宅配送】。CKD　ピストンロッド組立 HCA-63-67-PR-ASSY。",NEUTRAL,0.8311569094657898
102,2018-04-25T05:04:51Z,散り始めでしたが綺麗でした🌸 １日母とお出かけするのも久し振り。現状や将来のために、 たくさんの女性が行動されてます૧(●´৺`●)૭ ・ 👠働きながらスキマ時間に 👠子供がまだ小さいからお家で 👠お腹に赤ちゃんがいる妊婦さん 👠子供の学費を貯金 👠旦那に内緒でお小遣い稼ぎ ・ 働き方は様々💠 自分から行動しない限り、 あなたの未来は変わらない。赤レンガ倉庫 . . 私のパワースポット . . お気に入りの写真 . . 1ヶ月に最低1回は来ないと死んじゃう病 . . でも、 . . 今の赤レンガは、カップルの巣窟なので、鬼(笑) . . #赤レンガ倉庫 #みなとみらい #パワースポット #横浜 #キレイ #夜 #夜景 #行きたい #神奈川 #おでかけ #観光。海の駅　船番所。人形町からの亀戸天神の藤まつりへ。#おでかけのまえに。,POSITIVE,0.744071364402771
103,2020-03-31T16:41:03Z,測定の結果、出力は1.805896282196045となり、100倍ほどの高速化に成功しました。Dockerの公式ドキュメント を参考にしています。supertestは、Node.jsのHTTPサーバーをテストするためのライブラリです。AWS SDKのDynamoDB.DocumentClientのscanメソッドを用いるのですが、そのままではテーブルのサイズが大きい場合に一部のデータしか取得できません。supertest を用いて、エンドポイント単位のテストをしてみます。以下のように、きちんと動いていることがわかります。以下のようにデコレータをつけて、JITを有効化してみます。（頻繁にそういった操作が必要になるのなら、アプリケーションの設計ミスのような気がしますが...）。TensorFlowの公式ドキュメントにあった、GPUを用いた計算の例をを実行してみます。2次元のテンソルの要素の和を求めています。package.jsonの scripts の中身を以下のように書き換えます。supertestのインストール。mochaのインストール。mochaは、テストのためのフレームワークです。整理のためのメモ。,NEUTRAL,0.6959689259529114
104,2018-03-22T00:28:15Z,"Japanese word of the day: 大戦~da-i-se-n~(Battle) The only battle I enjoy is Super Robot Taisen。There were several cameos by well-known celebrity in the show.。In this testosterone-filled drama, only 2 noticeable female characters to be highlighted.。Labels: dorama, nakama。Labels: La Tendo, movie, nakama, sports。Labels: dorama, movie, nakama。Labels: dorama, Game, movie。The intention was to catch a supposedly-thrilling semi-final duel between Spain and Oranje-slayer, Russia on Friday morning.。ぼくの日記: July 2008。",POSITIVE,0.6375195980072021
105,2017-08-17T01:48:54Z,今は亡きCING(シング)のスタッフが贈るアドベンチャーゲームで、。今の所19日のホームフロントだけかなー。でも、釣りゲームとしては本格的ではないので、。UIの出来がイマイチでちょっとストレスが溜まりますが。CHASE、プレイしました。おそらく、海外では最高を更新すると思いますが。ケントさんのツイッターブログ等での実況も同時に楽しみにしてますｗ。綺麗だが、ゲームプレイは平凡。「アンチャーテッド」があるとはいえ、。久々の洋ゲーであり、新規開拓のジャンルなので、とても楽しみです。今回はオープンワールドのようですが。久々にPS4以外のハードのゲームを買う事になります。シナリオが違う人なのは残念なとこだけど、ウィッシュルームの。だから、復活の意義は大きいと思います。そうですね、シリーズはまだ続くのかもしれませんが、。サリーとの掛け合いも終わりかと思うと、ちょっぴり切ないですが、、、待ち遠しいぜ！。世の中にコンピューターゲームが普及していったのと時を同じくして、こんなことをしていた人がいたと言うのは、けして偶然ではないと思うのです。ゲームのタイプ的には割と気になるのですが。そのエリアは最後の方ですが、。,POSITIVE,0.6254634261131287
106,2020-06-03T18:37:40Z,. JetBlue Airwaysは、その潜在的な大西洋横断製品の詳細を提供します - 投資する - 2019 完全一致.。為替情報は10分ごとに更新されており、約10分前の相場を表示しています。日経平均株価の著作権は日本経済新聞社に帰属します。米国株投資を中心としたい方向けに、 銘柄数の多いマネックス証券とサクソバンク証券の米国株を徹底的に比較してみました。私がそれらを所有している理由を知って驚かれるかも. 大西洋横断市場への拡大を選択した場合は、JetBlueはMint構成のより高額なバージョンを使用する予定です。これまでに、最も売れている医薬品 50 品目の市場展開を支援してきました。売り上げ高が24.6倍になると、株はお買い得ではありませんが、検討する価値があります。3. Corindus Vascular Robotics：放射線科医が. 1つのテレコムと3つのエネルギー株が私の最高利回りの投資です。非臨床、臨床、前臨床サービス、市販化サービスなど、医薬品. アラートを作成 DVx のエグゼクティブの異動をフォローします。,POSITIVE,0.7800993919372559
107,2020-01-20T21:22:40Z,前の件 / 次の60件 1 2 3 4 5 EDDT tracking。,NEUTRAL,0.8990548849105835
108,2019-12-10T03:19:32Z,Eurytus#62746 4 years ago ( 7.5 )。No.40 Woodsie No.41 Big Woodsie No.42 Shynee。Last edited by impa@us 5 years ago ( 6.3.1 )。beep*beep#15645 5 years ago ( 6.4.3 )。Profile No.45。impa@us#29215 5 years ago ( 6.3.1 )。By kakajiang#35704 5 years ago ( 6.4.3 )。By kingchen#25346 5 years ago ( 6.3.0 )。By mark#43080 5 years ago ( 6.5.2 )。Last edited by Cancelled 5 years ago ( 7.2.1 )。By Cancelled#58352 5 years ago ( 7.1.2 )。ASuislide#43828 5 years ago ( 6.5.2 )。Anne#28951 5 years ago ( 7.2.1 )。- Evolution from Baddie。,NEUTRAL,0.5010702013969421
109,2019-09-20T09:37:39Z,近年では、シリコンバレーの大物たちが彼に抱く商業的な信頼は、かなり揺らいできています。「将来、テスラ車の中でNetflixが視聴できる」と興奮しながら宣言する彼の姿が、この混乱した優先順位の縮図と言えるのです。彼のあまりに大きな野望は、現実的成果をもたらすであろう彼の才能にヴェールを被せているようにも思えるのです。そう、マスク氏が語るほど、自動運転の未来がすぐに訪れるとは信じがたいことなのです。マスク氏の名前が結びつく数々の企業において、あの「ペイパル」の成功を見出した彼の鋭いビジネスセンスは現在、失われているようにも思えるのです。この夢を、現実の延長線上に実現しようとする試みが始まったのは、半世紀以上も前のこととなります。マスクは、「実現さえままならない段階で、未来の完全な製品を約束する」という過去の習慣に、再び陥ろうとしているのです。そして彼は現在、乗客の安全向上を狙い、自動運転の経験を重ねることに重点を置いています。ですが、それに懲りないテスラは、最近では「おそらく今後2年で、ハンドルやペダルのない自動車を開発する」との予測を出しているのです。,NEUTRAL,0.6970012187957764
110,2017-05-26T19:05:28Z,"島牧郡島牧村(北海道)のスバル/日野自動車中古車情報(0件)｜中古車EX。中古車情報･中古車販売の中古車EX中古車EX掲載台数 437,420 台(05/27更新)車選び.comの中古車一覧 オークネットの中古車一覧 Goo-netの中古車一覧マイリスト閲覧履歴検索履歴お気に入り島牧郡島牧村(北海道)のスバル/日野自動車の中古車一覧(0件)中古車EX > スバル/日野自動車中古車 > 北海道のスバル/日野自動車中古車 > 島牧郡島牧村のスバル/日野自動車中古車一覧 このキャンペーンを閉じるこの条件に該当する中古車は0台です。条件を変更して再度お探しください。※ひとつのメールアドレスでご登録できる条件は3件までとなっております。ご入力いただいたメールアドレスは、本サービスを提供する中古車EXのプライバシーポリシーに則って厳重に管理します。",NEUTRAL,0.7310056090354919
